SMILES,Tg_label,Tg_pred,Tg_rescaled_label
Brc1cc2ccccc2c2ccccc12,-48.14999999999998,124.14218363644697,52.9499621143131
Brc1ccccc1,-135.14999999999998,17.451543978048107,-15.530693552137649
C#C[C@]1(O)CC[C@H]2[C@@H]3CCC4=C(CCC(=O)C4)[C@H]3CC[C@@]21C,50.85000000000002,121.03117350553245,117.50506120925984
C#C[C@]1(O)CC[C@H]2[C@@H]3CCC4=Cc5oncc5C[C@]4(C)[C@H]3CC[C@@]21C,78.85000000000002,144.65178973999966,143.46173134017027
C(=C(c1ccc(N(c2ccccc2)c2ccccc2)cc1)c1ccc(N(c2ccccc2)c2ccccc2)cc1)c1ccccc1,71.85000000000002,142.1955524421899,139.02267111133426
C(=C(c1ccccc1)c1ccccc1)c1ccccc1,-25.149999999999977,75.49343121373647,65.68263652946057
C(=C/c1ccc(N(c2ccccc2)c2ccccc2)cc1)\c1ccc(N(c2ccccc2)c2ccccc2)cc1,70.85000000000002,130.49136222822727,136.92731749170687
C(=C/c1ccccc1)\CN1CCN(C(c2ccccc2)c2ccccc2)CC1,6.850000000000023,64.97088120887389,77.25341554495948
C(=N/N(c1ccccc1)c1ccccc1)\c1ccc(N(c2ccccc2)c2ccccc2)cc1,49.85000000000002,117.77706823925485,116.3207472328882
C1=Cc2nccnc2C1,-99.29999999999998,55.938981886423704,14.29404626451629
C1CCC2CCCCC2C1,-123.14999999999998,13.059898005329071,-10.699424471611328
C1CCC2CNCCC2C1,-93.14999999999998,32.135778510600495,19.24239060270077
C1CCCCCC1,-190.14999999999998,-32.238793342387126,-46.39805668787109
C1CN=C2NCCCN2C1,-89.09999999999997,46.474711534390124,21.33425129424494
C=C(CC)C(=O)c1ccc(OCC(=O)O)c(Cl)c1Cl,8.850000000000023,64.61296927952208,77.50255172518203
C=C1CC[C@H](O)C/C1=C/C=C1\CCC[C@]2(C)[C@@H]([C@H](C)/C=C/[C@H](C)C(C)C)CC[C@@H]12,16.850000000000023,76.9210502188216,88.0033257238848
C=C1CC[C@H](O)C/C1=C/C=C1\CCC[C@]2(C)[C@@H]([C@H](C)CCCC(C)C)CC[C@@H]12,22.850000000000023,68.42781606542997,93.8340064821175
C=CC1CN2CCC1CC2C(O)c1ccnc2ccccc12,103.85000000000002,124.34983479733039,148.00156562318674
C=CCC,-212.14999999999998,-62.11448088721165,-55.34819248606586
C=CCc1ccc(O)c(OC)c1,-80.44999999999999,18.268211341860138,24.588686978995597
C=COC(C)=O,-148.14999999999998,-25.289190445743362,-18.104697642319223
C=C[C@H]1CN2CC[C@H]1C[C@@H]2[C@@H](O)c1ccnc2ccc(OC)cc12,52.85000000000002,114.57743216988314,123.72318867793715
C=C[C@H]1CN2CC[C@H]1C[C@@H]2[C@@H](O)c1ccnc2ccccc12,121.85000000000002,121.79845816201438,159.14136219735383
C=C[C@H]1CN2CC[C@H]1C[C@H]2[C@H](OC(=O)OCC)c1ccnc2ccc(OC)cc12,4.850000000000023,81.07800153806478,77.00427936473695
CC(=O)CC(=O)CC(=O)O,-67.59999999999997,5.492429420537427,35.73794730913782
CC(=O)CC(c1ccccc1)c1c(O)c2ccccc2oc1=O,71.85000000000002,115.38278799371342,139.02267111133426
CC(=O)N(C)C,-127.04999999999998,15.194408358735547,-14.866075186607665
CC(=O)N1CCN(c2ccc(OC[C@H]3CO[C@](Cn4ccnc4)(c4ccc(Cl)cc4Cl)O3)cc2)CC1,45.450000000000045,107.9536839467309,115.6586880365256
CC(=O)Nc1ccc(O)cc1,26.200000000000045,89.58285609942844,96.88101485481907
CC(=O)O,-123.14999999999998,12.573449470225363,-10.699424471611328
CC(=O)OC/C=C(C)/C=C/C=C(C)/C=C/C1=C(C)CCCC1(C)C,-28.819999999999965,45.01898086456303,63.25486550058253
CC(=O)O[C@]1(C(C)=O)CC[C@H]2[C@@H]3C=C(Cl)C4=CC(=O)CC[C@]4(C)[C@H]3CC[C@@]21C,60.85000000000002,132.2372058983233,129.26102872909266
CC(=O)Oc1c(C)c(C)c2c(c1C)CC[C@@](C)(CCC[C@H](C)CCC[C@H](C)CCCC(C)C)O2,-50.14999999999998,44.389634102317885,52.065842236653246
CC(=O)Oc1ccccc1C(=O)O,-30.149999999999977,37.988816358416884,62.375046571861056
CC(=O)S[C@@H]1CC2=CC(=O)CC[C@]2(C)[C@H]2CC[C@@]3(C)[C@@H](CC[C@@]34CCC(=O)O4)[C@H]12,90.85000000000002,143.5720810195958,146.55530186220184
CC(=O)[C@H]1CC[C@H]2[C@@H]3CCC4=CC(=O)CC[C@]4(C)[C@H]3CC[C@]12C,5.850000000000023,120.84438294399808,77.12884745484821
CC(=O)c1ccc(N(c2ccc(C)cc2)c2ccc(C)cc2)cc1,9.0,97.95882828895654,77.52123693869872
CC(=O)c1ccc(S(=O)(=O)NC(=O)NC2CCCCC2)cc1,25.850000000000023,102.29288854991475,96.5626706964771
CC(C(=O)O)c1ccc(-c2ccccc2)c(F)c1,-4.649999999999977,82.54397675666826,73.93158245536537
CC(C(=O)O)c1ccc(N2Cc3ccccc3C2=O)cc1,50.0,120.7865696417827,116.32201790349797
CC(C(=O)O)c1cccc(C(=O)c2ccccc2)c1,-14.0,70.38201393854398,70.71552436440463
CC(C)(C)CC(C)(C)c1ccc(O)c(Cc2ccc(Cl)cc2Cl)c1,-4.149999999999977,69.59840279965347,74.10172085022693
CC(C)(C)CCO,-127.14999999999998,-19.684674289064084,-14.874280351614207
CC(C)(C)Cl,-143.14999999999998,-16.86494711958884,-16.98042956411797
CC(C)(C)O,-93.14999999999998,7.466501582641449,19.24239060270077
CC(C)(C)c1ccc(-c2nnc(-c3cc(-c4nnc(-c5ccc(C(C)(C)C)cc5)o4)cc(-c4nnc(-c5ccc(C(C)(C)C)cc5)o4)c3)o2)cc1,138.85000000000002,176.4360822703945,179.59010893747356
CC(C)(C)c1ccc(-c2nnc(-c3ccc(-c4nnc(-c5ccc(C(C)(C)C)cc5)o4)cc3)o2)cc1,76.85000000000002,185.67690433364078,142.7829262841106
CC(C)(C)c1ccc(C=C(c2ccc(N(c3ccccc3)c3ccccc3)cc2)c2ccc(N(c3ccccc3)c3ccccc3)cc2)cc1,81.85000000000002,144.1282658168488,144.4799389242598
CC(C)(C)c1ccccc1,-133.14999999999998,21.397475600993577,-15.366590252006787
CC(C)(C)c1ccncc1,-107.14999999999998,29.38756534712445,5.43167539243667
CC(C)(Cc1c[nH]c2ccccc12)NCC(O)COc1ccccc1C#N,82.85000000000002,101.6749999332431,144.81934145228965
CC(C)(Oc1ccc(CCNC(=O)c2ccc(Cl)cc2)cc1)C(=O)O,72.85000000000002,99.30605791512741,141.11802473096165
CC(C)(Sc1cc(C(C)(C)C)c(O)c(C(C)(C)C)c1)Sc1cc(C(C)(C)C)c(O)c(C(C)(C)C)c1,21.850000000000023,102.86990768508093,92.6991929449486
CC(C)(c1ccc(OCC2CO2)cc1)c1ccc(OCC2CO2)cc1,-16.149999999999977,59.59181962331022,69.92295208345948
CC(C)=O,-180.14999999999998,-13.92417681597324,-36.35347765685646
CC(C)C,-253.14999999999998,-38.02162650400646,-64.05639189177103
CC(C)C(=O)Nc1ccc([N+](=O)[O-])c(C(F)(F)F)c1,0.8500000000000227,83.27929388429271,75.80310479884245
CC(C)C(C)C,-197.14999999999998,-26.882995798232464,-52.841783769301976
CC(C)C1CCCCC1,-165.14999999999998,-11.428627132838201,-27.297601911421356
CC(C)CC(C)O,-115.64999999999998,-21.262582202530595,-2.1125688984592355
CC(C)CCBr,-164.14999999999998,-49.00778196237783,-26.464779299190404
CC(C)CCCC(C)CCCC(C)CCCCC(C)CCCC(C)CCCC(C)C,-105.74999999999997,-40.80486556194996,6.89920170155867
CC(C)CCCC(C)O,-113.14999999999998,-29.4699094538993,0.10632648121603117
CC(C)CCCCCO,-132.99999999999997,-37.54061595808685,-15.354282504496974
CC(C)CCCO,-141.29999999999998,-36.185722364009656,-16.564450375183505
CC(C)CCC[C@@H](C)[C@H]1CC[C@H]2[C@@H]3CC=C4C[C@@H](O)CC[C@]4(C)[C@H]3CC[C@]12C,58.85000000000002,91.0144987249307,128.16784622302515
CC(C)COC(=O)c1ccccc1C(=O)OCC(C)C,-82.04999999999998,15.834343800145884,24.057915245009116
CC(C)COC(C(=O)c1ccccc1)c1ccccc1,-52.99999999999997,32.971527807898525,50.80597141098795
CC(C)Cc1ccc(C(C)C(=O)O)cc1,-45.14999999999998,38.19553844209492,54.27614193080289
CC(C)NCC(O)COc1ccc(CC(N)=O)cc1,22.0,70.83146902221768,92.8703406966159
CC(C)O,-158.14999999999998,-6.564111630727119,-21.467843625804694
CC(C)OC(=O)C(C)(C)Oc1ccc(C(=O)c2ccc(Cl)cc2)cc1,-17.849999999999966,73.95291918348222,69.29626702410751
CC(C)OCCO,-132.14999999999998,-27.92458881234829,-15.284538601941357
CC(C)c1ccc(C=C(c2ccc(N(c3ccccc3)c3ccccc3)cc2)c2ccc(N(c3ccccc3)c3ccccc3)cc2)c(C(C)C)c1,70.85000000000002,106.69639381103087,136.92731749170687
CC(C)c1ccccc1,-148.14999999999998,4.243465883962543,-18.104697642319223
CC(C)c1nc(CN(C)C(=O)N[C@H](C(=O)N[C@@H](Cc2ccccc2)C[C@H](O)[C@H](Cc2ccccc2)NC(=O)OCc2cncs2)C(C)C)cs1,48.85000000000002,80.76895168360379,116.31227609548978
CC(C)n1c2ccccc2c2cc(/C=N/N(c3ccccc3)c3ccccc3)ccc21,63.85000000000002,142.0692491286095,130.64241662076472
CC(F)(Cl)Cl,-232.14999999999998,-55.030535798492515,-57.05060378495445
CC(F)(F)Cl,-246.14999999999998,-59.11410294313579,-57.4593312904789
CC(N)CN,-129.04999999999998,-2.8429227509655703,-15.030178486738524
CC(O)(CS(=O)(=O)c1ccc(F)cc1)C(=O)Nc1ccc(C#N)c(C(F)(F)F)c1,49.85000000000002,133.80818143402598,116.3207472328882
CC(O)C(=O)O,-69.14999999999998,35.569566909140576,33.64055756889307
CC(O)CC(C)(C)O,-81.59999999999997,9.551685567916552,24.20719479519282
CC(O)CC(C)O,-68.14999999999998,-5.19063278384159,34.99371224001871
CC(O)CCC(C)O,-69.64999999999998,-6.889693826296918,32.96398023333026
CC(O)CCCCO,-93.74999999999997,-23.548020697249942,18.9324853150646
CC(O)CCCO,-97.34999999999997,-18.703796524715866,16.529696946340707
CC(O)CCO,-100.14999999999998,-20.907169037418686,13.319531864746684
CC(O)COC(C)(C)C,-98.99999999999997,-2.8740651309226486,14.637992523258518
CC(O)COC(C)COC(C)CO,-80.14999999999998,-4.966614989839878,24.688206679118064
CC(O)Cn1cnc2c1c(=O)n(C)c(=O)n2C,21.850000000000023,117.15948877114519,92.6991929449486
CC/C(=C(\c1ccccc1)c1ccc(OCCN(C)C)cc1)c1ccccc1,-10.149999999999977,71.53358538509326,72.0600601118883
CC1(C)NC(=O)N(c2ccc([N+](=O)[O-])c(C(F)(F)F)c2)C1=O,32.85000000000002,139.93293953123973,103.17076074025103
CC1(C)OC[C@H](CO)O1,8.850000000000023,38.253233341629354,77.50255172518203
CC1(C)c2ccccc2-c2ccc(-n3c4ccccc4c4cc(-c5ccc6c(c5)c5ccccc5n6-c5ccc6c(c5)C(C)(C)c5ccccc5-6)ccc43)cc21,177.8,282.6509191438213,282.6509191438213
CC12CCC3c4ccc(O)cc4CCC3C1CCC2O,84.85000000000002,138.9290677354104,145.4922191631846
CC1=C(CC(=O)O)c2cc(F)ccc2/C1=C\c1ccc(S(C)=O)cc1,74.85000000000002,121.22549961928355,142.1041212280509
CC1=C2C3OC(=O)C(C)C3CCC2(C)C=CC1=O,16.850000000000023,126.02876049327078,88.0033257238848
CC1=NCCC1,-133.59999999999997,-10.65593143107434,-15.40351349453623
CC1CC=CCC1,-179.14999999999998,-23.656076445218478,-35.227741050969385
CC1CCCCC1,-186.14999999999998,-22.531202554456897,-42.398689653051974
CC1CCCO1,-182.14999999999998,-15.874656504670089,-38.399322618232866
CC1CCc2nccnc21,-102.74999999999997,56.38614933636349,10.338664288980823
CC1COC(=O)O1,-114.14999999999998,26.00415211061216,-0.7812316706540754
CC1Cc2ccccc2N1NC(=O)c1ccc(Cl)c(S(N)(=O)=O)c1,98.0,159.33181818825275,147.82214207853076
CC=C(C)C,-200.14999999999998,-40.903020583659085,-53.34306551265475
CC=Cc1ccc(O)c(OC)c1,-53.04999999999998,29.905657703651414,50.78386841404645
CC=O,-191.14999999999998,-21.86271910901339,-47.397898446575866
CCC(=C(CC)c1ccc(O)cc1)c1ccc(O)cc1,34.85000000000002,86.96129865545797,105.22138680281645
CCC(=O)OCC(=O)[C@@]1(OC(=O)CC)[C@@H](C)C[C@H]2[C@@H]3CCC4=CC(=O)C=C[C@]4(C)[C@@]3(Cl)[C@@H](O)C[C@@]21C,66.0,115.37600527267443,132.24178856094383
CCC(Br)CC,-165.14999999999998,-39.97866482670468,-27.297601911421356
CCC(C)(C)C(=O)O[C@H]1C[C@@H](C)C=C2C=C[C@H](C)[C@H](CC[C@@H]3C[C@@H](O)CC(=O)O3)[C@H]21,35.85000000000002,89.68220830982733,106.6120191546856
CCC(C)Br,-176.14999999999998,-36.303607731344684,-31.85053123330816
CCC(C)C,-204.14999999999998,-50.20891276565469,-54.011441170458454
CCC(C)C(C)O,-124.29999999999998,-12.436764631827646,-12.124203920826378
CCC(C)CC,-196.14999999999998,-52.853362939071,-52.39710724009976
CCC(C)CC(O)CC,-113.99999999999997,-20.722797205782136,-0.6480979478735542
CCC(C)CCC(C)O,-117.29999999999998,-23.18280820243926,-3.5770398490449162
CCC(C)CCCCO,-135.14999999999998,-36.637653066766234,-15.530693552137649
CCC(C)O,-173.14999999999998,-16.320144654486715,-28.473321415646936
CCC(C)c1ccccc1,-145.14999999999998,-4.568159361103731,-17.43013679539847
CCC(C)n1ncn(-c2ccc(N3CCN(c4ccc(OC[C@H]5CO[C@](Cn6cncn6)(c6ccc(Cl)cc6Cl)O5)cc4)CC3)cc2)c1=O,59.25,120.44775272559556,128.464156726031
CCC(CC)CO,-140.64999999999998,-27.446185956232107,-16.418295525017342
CCC(O)CCC(C)C,-113.99999999999997,-22.36794494654127,-0.6480979478735542
CCC(O)c1ccccc1,-79.49999999999997,26.444824972930157,24.903832696050074
CCC1(C2=CCCCC2)C(=O)NC(=O)NC1=O,41.5,102.19047294485173,114.46909194274619
CCC1(C2=CCCCCC2)C(=O)NC(=O)NC1=O,32.0,98.52441159068721,102.35306837689376
CCC1(CCC(C)C)C(=O)NC(=O)NC1=O,12.850000000000023,77.97792555918296,78.28365732772588
CCC1(c2ccccc2)C(=O)NC(=O)N(C)C1=O,-3.0,114.22342208766582,74.4930391584085
CCC1(c2ccccc2)C(=O)NC(=O)NC1=O,47.85000000000002,126.80796073942699,116.25482172065348
CCC1CCCCC1,-175.14999999999998,-20.553424137778393,-30.724794627421087
CCCC#N,-173.14999999999998,-40.62649817680716,-28.473321415646936
CCCC(C)(O)CCC,-106.14999999999998,-13.930871120198395,6.440606689902377
CCCC(C)C,-195.14999999999998,-60.88375807198791,-51.39726548139498
CCCC(C)C(O)CC,-110.94999999999999,-14.828781937248545,2.058954415330256
CCCC(C)C1(CC)C(=O)NC(=O)NC1=O,5.850000000000023,80.88062379097033,77.12884745484821
CCCC(C)CC,-185.14999999999998,-58.042420662512974,-41.3988478943472
CCCC(C)CC(C)O,-125.14999999999998,-26.38945896255518,-13.17730177459401
CCCC(C)CO,-133.39999999999998,-29.913867940308982,-15.387103164523145
CCCC(O)C(CC)CO,-59.849999999999966,-6.444233915030886,46.224896010361455
CCCC(O)CC(C)C,-106.14999999999998,-22.823722301179608,6.440606689902377
CCCC(O)CO,-92.14999999999998,-5.361153340997289,19.758899415427724
CCCC1O[C@@H]2C[C@H]3[C@@H]4CCC5=CC(=O)C=C[C@]5(C)[C@H]4[C@@H](O)C[C@]3(C)[C@]2(C(=O)CO)O1,94.85000000000002,134.28240539519896,147.26402366154667
CCCCBr,-176.64999999999998,-59.2796510920025,-32.413399536251696
CCCCC(C)(O)CC,-121.99999999999997,-16.292183012082848,-9.274645022396278
CCCCC(C)CC,-175.14999999999998,-60.678581920936075,-30.724794627421087
CCCCC(C)O,-127.29999999999998,-33.877379090976646,-14.886588099124022
CCCCC(CC)CN,-132.14999999999998,-27.521959461365594,-15.284538601941357
CCCCC(CC)CO,-127.14999999999998,-31.075150483207835,-14.874280351614207
CCCCC(CC)COC(=O)c1ccccc1C(=O)OCC(CC)CCCC,-86.14999999999998,-0.823644945622708,22.69781267666876
CCCCC(CC)COC(C)=O,-126.69999999999999,-34.09523837258096,-14.837357109084763
CCCCC(CC)COCCO,-114.54999999999998,-35.17608592061067,-1.136254931402123
CCCCC(O)C(C)C,-114.99999999999997,-19.118499304770467,-1.5356560997436608
CCCCC1(CC)C(=O)NC(=O)NC1=O,5.0,73.21962774877292,77.02296457825364
CCCCC1C(=O)N(c2ccccc2)N(c2ccccc2)C1=O,3.8500000000000227,83.4634945836485,76.82393516801176
CCCCC1CCCCC1,-154.14999999999998,-28.847899970088275,-19.453819336160734
CCCCCC,-250.14999999999998,-75.56340746434935,-58.215380262624606
CCCCCC(C)C,-193.14999999999998,-64.98246653730838,-49.397581963985424
CCCCCC(C)CCC,-155.14999999999998,-64.93159592894604,-19.678672951800984
CCCCCC(C)CO,-128.99999999999997,-34.30731130953537,-15.026075904235253
CCCCCCC,-229.14999999999998,-75.2643177165691,-56.96301931948492
CCCCCCC(CO)CCCC,-109.04999999999998,-31.4368497818857,3.745314903883463
CCCCCCCCCC,-219.14999999999998,-72.61765896682203,-56.51784988722234
CCCCCCCCCCCC,-197.14999999999998,-69.87672302774934,-52.841783769301976
CCCCCCCCCCC[C@@H](C[C@@H]1OC(=O)[C@H]1CCCCCC)OC(=O)[C@H](CC(C)C)NC=O,-45.14999999999998,19.25948811391228,54.27614193080289
CCCCCCO,-148.14999999999998,-47.794626073772655,-18.104697642319223
CCCCCCc1ccccc1,-133.14999999999998,-37.44360782511123,-15.366590252006787
CCCCCN(C(=O)OCC)c1ccc([N+](=O)[O-])cc1,-30.149999999999977,29.44196901293938,62.375046571861056
CCCCNC(=O)NS(=O)(=O)c1ccc(C)cc1,4.0,68.61217826109983,76.87497668647022
CCCCOC(=O)CC(CC(=O)OCCCC)(OC(C)=O)C(=O)OCCCC,-86.14999999999998,-1.578876802602247,22.69781267666876
CCCCOC(=O)CC(O)(CC(=O)OCCCC)C(=O)OCCCC,-89.14999999999998,-14.29688246727801,21.308425853608586
CCCCOC(=O)c1ccccc1C(=O)OCCCC,-94.14999999999998,-1.913285400461163,18.725881789973815
CCCCOCC(C)O,-118.04999999999998,-32.01966185630314,-4.380837349005496
CCCCOP(=O)(OCCCC)OCCCC,-130.29999999999998,-51.97445560248589,-15.132743049320313
CCCCOc1cc(C(=O)NCCN(CC)CC)c2ccccc2n1,-34.99999999999997,60.1651411656893,59.16668431298954
CCCCc1ccccc1,-144.14999999999998,-28.7988038961837,-17.20528317975822
CCCNC(=O)NS(=O)(=O)c1ccc(Cl)cc1,16.0,85.08817045049938,87.52220593414403
CCCO,-175.14999999999998,-37.45248587300161,-30.724794627421087
CCCOC(=O)Nc1ccccc1,-70.14999999999998,22.758423716895393,32.28740289776745
CCCOCC(C)O,-119.44999999999999,-25.798059516624473,-6.115351461093381
CCCSc1ccc2nc(NC(=O)OC)[nH]c2c1,59.85000000000002,97.0186282596338,128.8005660985353
CCCc1ccccc1,-148.14999999999998,-20.463751904801004,-18.104697642319223
CCCc1nc2c(C)cc(-c3nc4ccccc4n3C)cc2n1Cc1ccc(-c2ccccc2C(=O)O)cc1,127.15000000000003,167.9473623083751,167.9473623083751
CCN(CC)CC(=O)Nc1c(C)cccc1C,-38.99999999999997,57.60544710981934,56.99481055460696
CCN(CC)CCOC(=O)c1ccc(N)cc1,-39.14999999999998,31.27308477429361,56.92850156378246
CCNC(C)=O,-115.14999999999998,14.246754310256112,-1.668789822524182
CCO,-176.14999999999998,-30.469062806562643,-31.85053123330816
CCOC(=O)C(C)OC(=O)Nc1ccc([N+](=O)[O-])cc1C,-0.14999999999997726,61.226931992761976,75.46282800911935
CCOC(=O)C1=C(C)NC(C)=C(C(=O)OC)C1c1cccc(Cl)c1Cl,42.700000000000045,98.94223272803367,114.97561819012907
CCOC(=O)C1=C(C)NC(C)=C(C(=O)OC)C1c1cccc([N+](=O)[O-])c1,29.850000000000023,96.74428614434011,100.28478769310782
CCOC(=O)CC(CC(=O)OCC)(OC(C)=O)C(=O)OCC,-71.14999999999998,15.461051251148563,30.934248226641817
CCOC(=O)N(CC(CCl)(CCl)CCl)c1ccc([N+](=O)[O-])cc1,19.850000000000023,51.75525231572384,90.41722292271771
CCOC(=O)N(CC(F)(F)C(F)F)c1ccc([N+](=O)[O-])cc1,-12.149999999999977,45.21109828184219,71.3795065324421
CCOC(=O)N1CCC(=C2c3ccc(Cl)cc3CCc3cccnc32)CC1,32.0,111.30169803948885,102.35306837689376
CCOC(=O)Nc1ccccc1,-60.14999999999998,34.42891743898353,45.81894960902375
CCOC(=O)c1ccc(N)cc1,-30.99999999999997,48.70190941257406,61.81275627906914
CCOC(=O)c1ccccc1C(=O)OCC,-95.14999999999998,16.330276382350732,18.20937297724686
CCOCC,-181.14999999999998,-60.096664922377684,-37.39948085952809
CCOCC(O)CO,-86.09999999999997,-8.45803171398714,22.714399293355843
CCOc1ccc(NC(C)=O)cc1,2.0,64.54463011510661,76.19442310702401
CCS(=O)(=O)CCn1c([N+](=O)[O-])cnc1C,-7.149999999999977,70.02317571914895,73.08089048105761
CCc1cccc2c1[nH]c1ccccc12,-1.1999999999999886,108.93353914269937,75.10553737991007
CCc1ccccc1,-158.14999999999998,-13.396557305905944,-21.467843625804694
CCc1nc(Nc2c(C)cc(C)cc2C)nc(Nc2c(C)cc(C)cc2C)n1,60.0,151.5372321432534,128.8696354931189
CCc1nc(Nc2cc(Br)cc(Br)c2)nc(Nc2cc(Br)cc(Br)c2)n1,66.0,142.7061515999734,132.24178856094383
CCc1nc(Nc2cc(C)cc(C)c2)nc(Nc2cc(C)cc(C)c2)n1,41.0,133.54363190004256,113.77377576681162
CCc1nc(Nc2cc(C)ccc2C)nc(Nc2cc(C)ccc2C)n1,32.0,135.27556051556118,102.35306837689376
CCc1nc(Nc2cc(Cl)cc(Cl)c2)nc(Nc2cc(Cl)cc(Cl)c2)n1,52.0,132.23928536710366,123.14120128791328
CCc1nc(Nc2cc(F)cc(F)c2)nc(Nc2cc(F)cc(F)c2)n1,25.0,129.55717139796553,95.78954916907519
CCc1nc(Nc2cc(I)cc(I)c2)nc(Nc2cc(I)cc(I)c2)n1,96.0,161.41531441525444,147.46778117885833
CCc1nc(Nc2cc(OC)c(OC)c(OC)c2)nc(Nc2cc(OC)c(OC)c(OC)c2)n1,63.0,113.51269016880029,130.25102338479095
CCc1nc(Nc2cc(OC)cc(OC)c2)nc(Nc2cc(OC)cc(OC)c2)n1,35.0,107.3380196597069,105.42998165559679
CCc1nc(Nc2ccc(C)c(C)c2)nc(Nc2ccc(C)c(C)c2)n1,34.0,134.2978153269356,104.27705040832257
CCc1nc(Nc2ccc(C)cc2)nc(Nc2ccc(C)cc2)n1,35.0,129.02955017642233,105.42998165559679
CCc1nc(Nc2ccc(C)cc2C)nc(Nc2ccc(C)cc2C)n1,39.0,137.72102624758924,110.99251106307335
CCc1nc(Nc2cccc(C)c2)nc(Nc2cccc(C)c2)n1,19.0,126.10240070443331,89.44738566326956
CCc1nc(Nc2cccc(C)c2C)nc(Nc2cccc(C)c2C)n1,46.0,135.45829539157606,115.7953020058049
CCc1nc(Nc2ccccc2)nc(Nc2ccccc2)n1,27.0,128.00255756681491,97.60865864531492
CCn1c(-c2ccccc2)cc2ccccc21,7.600000000000023,106.85715456957412,77.34684161254295
CN(C)C(=O)C(CCN1CCC(O)(c2ccc(Cl)cc2)CC1)(c1ccccc1)c1ccccc1,63.75,107.58403957014887,130.59637035770896
CN(C)C=O,-144.14999999999998,8.064932711931363,-17.20528317975822
CN(C)CCC(C(=O)N(C)C)(c1ccccc1)c1ccccc1,-16.149999999999977,72.5837198801862,69.92295208345948
CN(C)CCCO,-127.14999999999998,-32.19198489858971,-14.874280351614207
CN(C)CCc1c[nH]c2ccc(C[C@H]3COC(=O)N3)cc12,48.85000000000002,85.48763128021761,116.31227609548978
CN(C)c1ccc(-c2nnc(-c3cc(-c4nnc(-c5ccc(N(C)C)cc5)o4)cc(-c4nnc(-c5ccc(N(C)C)cc5)o4)c3)o2)cc1,168.85000000000002,186.60276611631488,257.0922476388955
CN(C)c1ccc(-c2nnc(-c3ccc(-c4ccc(-c5nnc(-c6ccc(N(C)C)cc6)o5)cc4)cc3)o2)cc1,128.85000000000002,195.25881358819586,168.62047411685697
CN(C)c1ccc(-c2nnc(-c3ccc(-c4nnc(-c5ccc(N(C)C)cc5)o4)cc3)o2)cc1,95.85000000000002,187.72913269205247,147.4412041113829
CN/C(=C\[N+](=O)[O-])NCCSCc1csc(CN(C)C)n1,12.850000000000023,43.824173777858896,78.28365732772588
CN1C(=O)CN=C(C2=CCCCC2)c2cc(Cl)ccc21,39.85000000000002,107.1025313501496,112.17454856216214
CN1C(=O)CN=C(c2ccccc2)c2cc(Cl)ccc21,46.0,127.50265765255827,115.7953020058049
CN1C(=O)NC(=O)C(C)(C2=CCCCC2)C1=O,12.850000000000023,99.63006018961013,78.28365732772588
CN1CCC[C@@H]1CCO[C@](C)(c1ccccc1)c1ccc(Cl)cc1,34.85000000000002,50.91765264492686,105.22138680281645
CN1[C@@H]2CC[C@H]1CC(OC(=O)C(CO)c1ccccc1)C2,7.850000000000023,60.985799858809386,77.37798363507076
CNC(=O)Oc1ccc2c(c1)[C@]1(C)CCN(C)[C@@H]1N2C,19.850000000000023,105.37759393385977,90.41722292271771
CNC[C@H](O)[C@@H](O)[C@H](O)[C@H](O)CO,18.900000000000034,48.24845812468599,89.33328716215804
CNc1nc(NC(C)(C)C)nc(NC(C)(C)C)n1,39.0,116.6239233057242,110.99251106307335
CNc1nc(NC(C)C)nc(NC(C)C)n1,22.0,102.06013258452086,92.8703406966159
CNc1nc(NC2CCCCC2)nc(NC2CCCCC2)n1,58.0,110.13184778132617,127.53818640413768
CNc1nc(Nc2c(C)cc(C)cc2C)nc(Nc2c(C)cc(C)cc2C)n1,83.0,173.04897081924514,144.87025183149413
CNc1nc(Nc2c(C)cccc2C)nc(Nc2c(C)cccc2C)n1,89.0,162.68468744321143,146.22751803000486
CNc1nc(Nc2cc(Br)cc(Br)c2)nc(Nc2cc(Br)cc(Br)c2)n1,94.0,171.66822566524363,147.1134202791859
CNc1nc(Nc2cc(C(C)(C)C)cc(C(C)(C)C)c2)nc(Nc2cc(C(C)(C)C)cc(C(C)(C)C)c2)n1,129.0,162.68437542445253,168.67986633525243
CNc1nc(Nc2cc(C)cc(C)c2)nc(Nc2cc(C)cc(C)c2)n1,94.0,159.8663838627307,147.1134202791859
CNc1nc(Nc2cc(C)ccc2C)nc(Nc2cc(C)ccc2C)n1,66.0,161.80959934997088,132.24178856094383
CNc1nc(Nc2cc(Cl)cc(Cl)c2)nc(Nc2cc(Cl)cc(Cl)c2)n1,83.0,153.98195224219114,144.87025183149413
CNc1nc(Nc2cc(F)cc(F)c2)nc(Nc2cc(F)cc(F)c2)n1,54.0,152.40584371956243,124.57508137407899
CNc1nc(Nc2cc(I)cc(I)c2)nc(Nc2cc(I)cc(I)c2)n1,128.0,177.12419334163795,168.28391821261602
CNc1nc(Nc2cc(OC)c(OC)c(OC)c2)nc(Nc2cc(OC)c(OC)c(OC)c2)n1,94.0,129.425165754596,147.1134202791859
CNc1nc(Nc2cc(OC)cc(OC)c2)nc(Nc2cc(OC)cc(OC)c2)n1,65.0,125.6542169771775,131.38998272016943
CNc1nc(Nc2ccc(C)c(C)c2)nc(Nc2ccc(C)c(C)c2)n1,71.0,161.5329446720625,137.24162053465093
CNc1nc(Nc2ccc(C)cc2)nc(Nc2ccc(C)cc2)n1,67.0,157.205362410999,132.98434591344179
CNc1nc(Nc2ccc(C)cc2C)nc(Nc2ccc(C)cc2C)n1,54.0,165.11691253113608,124.57508137407899
CNc1nc(Nc2cccc(C)c2)nc(Nc2cccc(C)c2)n1,60.0,152.16738233125403,128.8696354931189
CNc1nc(Nc2cccc(C)c2C)nc(Nc2cccc(C)c2C)n1,70.0,161.85303310923746,135.14626691502352
CNc1nc(Nc2ccccc2)nc(Nc2ccccc2)n1,56.0,155.22008647765477,126.05663388910834
CNc1nc(Nc2ccccc2C)nc(Nc2ccccc2C)n1,55.0,157.4121200135222,125.31585763159367
CO,-170.14999999999998,-12.10662417268852,-28.326365604792095
COC(=O)C1=C(C)NC(C)=C(C(=O)OC(C)C)C1c1cccc2nonc12,42.85000000000002,117.87754763901793,115.01287654538704
COC(=O)C1=C(C)NC(C)=C(C(=O)OC)C1c1ccccc1[N+](=O)[O-],48.0,112.56963579235271,116.29208007591147
COC(=O)C1=C(C)NC(C)=C(C(=O)OCC(C)C)C1c1ccccc1[N+](=O)[O-],33.85000000000002,93.02570685244149,104.13275175596543
COC(=O)Nc1ccccc1,-55.14999999999998,56.89790633140581,49.96142659158036
COC(=O)[C@H](C)O,12.850000000000023,32.540988777745,78.28365732772588
COC(=O)c1cccc(C)c1,-108.14999999999998,22.541360315568987,4.544117240566564
COC(=O)c1ccccc1C,-105.89999999999998,31.136758023542818,6.727228572187556
COC(=O)c1ccccc1C(=O)OC,-78.96999999999997,39.23048735474956,25.079650832933098
COC(C)CCO,-127.84999999999997,-34.15146989502672,-14.931716506660006
COC1=CC(=O)CC(C)C12Oc1c(Cl)c(OC)cc(OC)c1C2=O,85.85000000000002,133.1341175210964,145.6693996130208
COCC(C)O,-127.94999999999999,-16.270092419729778,-14.939921671666552
COCCOC(=O)C1=C(C)NC(C)=C(C(=O)OC(C)C)C1c1cccc([N+](=O)[O-])c1,20.0,74.38734919403151,90.588370674385
COc1cc(NS(=O)(=O)c2ccc(N)cc2)nc(OC)n1,65.85000000000002,127.76025431079114,132.1140176848277
COc1cc([N+](=O)[O-])ccc1N,57.85000000000002,91.29890028528963,127.4270699655105
COc1cc2c(c(OC)c1OC)-c1ccc(OC)c(=O)cc1[C@@H](NC(C)=O)CC2,101.35000000000002,125.71786511621684,147.96344409429128
COc1cc2c(cc1OC)[C@@]13CCN4CC5=CCO[C@H]6CC(=O)N2[C@H]1[C@H]6[C@H]5C[C@H]43,91.85000000000002,152.81115532282553,146.73248231203806
COc1ccc(-c2nnc(-c3cc(-c4nnc(-c5ccc(OC)cc5)o4)cc(-c4nnc(-c5ccc(OC)cc5)o4)c3)o2)cc1,107.85000000000002,161.18705699794174,148.06256006941948
COc1ccc(-c2nnc(-c3cc(-c4nnc(-c5ccc(OC)cc5OC)o4)cc(-c4nnc(-c5ccc(OC)cc5OC)o4)c3)o2)c(OC)c1,131.85000000000002,160.86686933645024,169.8083184847662
COc1ccc(C(C)(C)c2ccc(OC)c(C)c2)cc1C,-33.14999999999998,74.51941431237054,60.39049259730135
COc1ccc(C(Cl)=C(c2ccc(OC)cc2)c2ccc(OC)cc2)cc1,24.850000000000023,84.40450585142842,95.65311595835723
COc1ccc(C(c2ccccc2)(c2ccccc2)c2ccc(OC)cc2)cc1,23.850000000000023,105.46049191576014,94.74356122023737
COc1ccc(C2(c3ccc(OC)c(C)c3)OC(=O)c3ccccc32)cc1C,40.85000000000002,139.08284989226888,113.56518091403129
COc1ccc(C2(c3ccc(OC)cc3)OC(=O)c3ccccc32)cc1,20.850000000000023,132.96788482327776,91.55820793383316
COc1ccc(Cl)cc1C(=O)NCCc1ccc(S(=O)(=O)NC(=O)NC2CCCCC2)cc1,59.85000000000002,114.21430010605656,128.8005660985353
COc1ccc(N)cc1,13.850000000000023,65.11200291782674,81.40293033417697
COc1ccc2c(c1)c(CC(=O)O)c(C)n2C(=O)c1ccc(Cl)cc1,40.85000000000002,112.10872169647132,113.56518091403129
COc1ccc2c(c1)c(CC(=O)OCC(=O)O)c(C)n2C(=O)c1ccc(Cl)cc1,36.85000000000002,93.06183442929827,108.00265150655473
COc1ccc2cc([C@H](C)C(=O)O)ccc2c1,29.0,83.63273658779414,99.46709532975055
COc1ccc2nc(S(=O)Cc3ncc(C)c(OC)c3C)[nH]c2c1,50.85000000000002,130.02447586831872,117.50506120925984
COc1ccccc1,-151.14999999999998,-0.1558795672055382,-18.77925848923998
COc1ccccc1OCCNCC(O)COc1cccc2[nH]c3ccccc3c12,37.0,84.39725558359643,108.21124635933508
CS(=O)(=O)Nc1ccc([N+](=O)[O-])cc1Oc1ccccc1,22.850000000000023,102.26529665190134,93.8340064821175
CS(C)(=O)=O,-83.14999999999998,34.26667236608194,23.693009677893414
CS(C)=O,-123.14999999999998,4.893826003132702,-10.699424471611328
C[C@@H](O[C@H]1OCCN(Cc2n[nH]c(=O)[nH]2)[C@H]1c1ccc(F)cc1)c1cc(C(F)(F)F)cc(C(F)(F)F)c1,35.85000000000002,85.23202742689031,106.6120191546856
C[C@@H](c1ccc2ccccc2c1)n1c(=O)c2ccccc2c2ccccc2c1=O,59.85000000000002,179.92682035415197,128.8005660985353
C[C@@H](c1ccccc1)N1C(=O)c2c(Br)c(Br)c(Br)c(Br)c2C1=O,56.85000000000002,148.45170898509383,126.68629370799583
C[C@@H](c1ccccc1)N1C(=O)c2c(Cl)c(Cl)c(Cl)c(Cl)c2C1=O,39.85000000000002,131.64120898697422,112.17454856216214
C[C@@H](c1ccccc1)N1C(=O)c2c(I)c(I)c(I)c(I)c2C1=O,96.85000000000002,157.22839226063576,147.6183845612191
C[C@@H](c1ccccc1)N1C(=O)c2cccc([N+](=O)[O-])c2C1=O,15.850000000000023,114.51336652442214,87.32544168854349
C[C@@H](c1ccccc1)N1C(=O)c2cccc3c([N+](=O)[O-])ccc(c23)C1=O,46.85000000000002,137.59986921827004,116.0064326856002
C[C@@H](c1ccccc1)N1C(=O)c2cccc3cccc(c23)C1=O,45.85000000000002,132.07124631391255,115.75804365054691
C[C@@H]1CC[C@@H](C)[C@H](OC(=O)Nc2cccc([N+](=O)[O-])c2)C1,14.850000000000023,84.52220334062807,84.52220334062807
C[C@@H]1OC(O)[C@@H](O)[C@H](O)[C@@H]1O,31.0,71.5467167459752,101.39107736117936
C[C@@H]1OC(O)[C@H](O)[C@H](O)[C@H]1O,0.0,70.52050753182078,75.5138695275778
C[C@H](C(=O)O)c1cccc(C(=O)c2ccccc2)c1,-0.39999999999997726,68.95720272070626,75.37775881168857
C[C@H](CCC(=O)O)[C@H]1CC[C@H]2[C@@H]3C(=O)C[C@@H]4CC(=O)CC[C@]4(C)[C@H]3CC(=O)[C@]12C,74.85000000000002,130.32152253796045,142.1041212280509
C[C@H](CCC(=O)O)[C@H]1CC[C@H]2[C@@H]3CC[C@@H]4C[C@H](O)CC[C@]4(C)[C@H]3C[C@H](O)[C@]12C,103.85000000000002,123.79252136777862,148.00156562318674
C[C@H](CCC(=O)O)[C@H]1CC[C@H]2[C@@H]3[C@@H](O)C[C@@H]4C[C@H](O)CC[C@]4(C)[C@H]3CC[C@]12C,105.85000000000002,123.8991486309328,148.03206284630312
C[C@H](CCC(=O)O)[C@H]1CC[C@H]2[C@@H]3[C@H](O)C[C@@H]4C[C@H](O)CC[C@]4(C)[C@H]3CC[C@]12C,97.85000000000002,124.55884891241259,147.79556501105532
C[C@H](CCC(=O)O)[C@H]1CC[C@H]2[C@@H]3[C@H](O)C[C@@H]4C[C@H](O)CC[C@]4(C)[C@H]3C[C@H](O)[C@]12C,119.85000000000002,126.8789904958079,155.8183432875345
C[C@H](CS)C(=O)N1CCC[C@H]1C(=O)O,3.8500000000000227,55.158463147091155,76.82393516801176
C[C@H](CSC(=O)c1ccccc1)C(=O)Cl,-12.149999999999977,31.715796798150222,71.3795065324421
C[C@H](Cn1cnc2c(N)ncnc21)OCP(=O)(O)O,142.85000000000002,96.00746837723115,189.13495913758044
C[C@H](NC(=S)Nc1ccc([N+](=O)[O-])cc1)c1ccccc1,39.85000000000002,101.84641718185784,112.17454856216214
C[C@H](Nc1cc(N[C@@H](C)c2ccccc2)c([N+](=O)[O-])cc1[N+](=O)[O-])c1ccccc1,42.85000000000002,88.78132827879631,115.01287654538704
C[C@H](c1ccc2ccccc2c1)n1c(=O)c2ccccc2c2ccccc2c1=O,82.85000000000002,179.82671910759868,144.81934145228965
C[C@H](c1cccc2ccccc12)N1C(=O)c2c(Cl)c(Cl)c(Cl)c(Cl)c2C1=O,88.85000000000002,152.63259912025123,146.20094096252942
C[C@]12C=CC(=O)C=C1CC[C@@H]1[C@@H]2C(=O)C[C@@]2(C)[C@H]1CC[C@]2(O)C(=O)CO,92.85000000000002,133.9195689287128,146.90966276187427
C[C@]12CCC(=O)C=C1CC[C@@H]1[C@@H]2CC[C@@]2(C)[C@H]1CC[C@]2(C)O,-3.1499999999999773,124.3498447921452,74.44199763995003
C[C@]12CCC(=O)C=C1CC[C@@H]1[C@@H]2[C@@H](O)C[C@@]2(C)[C@H]1CC[C@]2(O)C(=O)CO,85.85000000000002,130.45400140149607,145.6693996130208
C[C@]12CC[C@@H]3c4ccc(OC(=O)c5ccccc5)cc4CC[C@H]3[C@@H]1CC[C@@H]2O,62.85000000000002,132.86638035669444,130.18195399020735
C[C@]12CC[C@H]3[C@@H](CCC4=CC(=O)CC[C@@H]43)[C@@H]1CC[C@@H]2O,36.85000000000002,121.34630220347734,108.00265150655473
C[C@]12CC[C@H]3[C@@H](CCC4=CC(=O)CC[C@@]43C)[C@@H]1CC[C@@H]2O,41.85000000000002,121.61431971558667,114.76448751033377
Cc1[nH]c2ccccc2c1C,-121.89999999999998,75.07133893050772,-9.150751157247152
Cc1c(Br)c(Br)c(Br)c(Br)c1Br,-71.14999999999998,70.14672384330086,30.934248226641817
Cc1c(Cl)cccc1Nc1ccccc1C(=O)O,63.0,107.23196564029901,130.25102338479095
Cc1cc(=O)n(-c2ccccc2)n1C,-17.149999999999977,99.2387576683724,69.55431381325243
Cc1cc2ccccc2[nH]1,-124.89999999999998,67.61563115304281,-12.867567111721176
Cc1ccc(-c2cc(C(F)(F)F)nn2-c2ccc(S(N)(=O)=O)cc2)cc1,58.10000000000002,153.47181259308752,127.61226402988916
Cc1ccc(-c2ncc(Cl)cc2-c2ccc(S(C)(=O)=O)cc2)cn1,40.80000000000001,162.15132013223092,113.49564929643782
Cc1ccc(N(c2ccc(C)cc2)c2ccc(C3(c4ccc(N(c5ccc(C)cc5)c5ccc(C)cc5)cc4)CCCCC3)cc2)cc1,77.85000000000002,122.4624365192204,143.12232881214044
Cc1ccc(N(c2ccccc2)c2cc(N(c3ccccc3)c3ccccc3)cc(N(c3ccc(C)cc3)c3ccc(C)cc3)c2)cc1,57.85000000000002,101.59168836915927,127.4270699655105
Cc1ccc(N(c2ccccc2)c2ccc(N(c3ccccc3)c3ccc(C)cc3)cc2)cc1,51.85000000000002,123.04691041241442,123.04691041241442
Cc1ccc(O)c(CO)c1CO,-32.14999999999998,50.457397009250876,61.052010588821254
Cc1ccc(OCC2CO2)cc1,-69.14999999999998,21.314664296484487,33.64055756889307
Cc1ccc(S(=O)(=O)NC(=O)NN2CCCCCC2)cc1,23.850000000000023,89.75104134720435,94.74356122023737
Cc1ccc2ccccc2n1,-93.14999999999998,64.80682881792195,19.24239060270077
Cc1cccc(C(=O)c2ccccc2)c1,-57.69999999999999,49.13417855328153,49.13417855328153
Cc1cccc(C)c1,-153.14999999999998,3.5241295397898824,-19.22896572052048
Cc1cccc(C)c1CNc1cc(C(=O)NCCO)cn2c(C)c(C)nc12,99.85000000000002,140.98717353056443,147.940571176954
Cc1cccc(F)c1,-156.14999999999998,-4.104382837374025,-19.903526567441236
Cc1cccc(N(C)C(=S)Oc2ccc3ccccc3c2)c1,13.850000000000023,81.05466596777583,81.40293033417697
Cc1cccc(N(c2ccccc2)c2cc(N(c3ccccc3)c3cccc(C)c3)cc(N(c3ccccc3)c3cccc(C)c3)c2)c1,60.85000000000002,130.7500238028286,129.26102872909266
Cc1cccc(N(c2ccccc2)c2cc(N(c3ccccc3)c3ccccc3)cc(N(c3cccc(C)c3)c3cccc(C)c3)c2)c1,48.85000000000002,130.11677267125452,116.31227609548978
Cc1cccc(N(c2ccccc2)c2ccc(-c3ccc(N(c4ccccc4)c4cccc(C)c4)cc3)cc2)c1,68.85000000000002,140.43570592398703,134.22333721335542
Cc1cccc(N(c2ccccc2)c2ccc(-c3ccc(N(c4ccccc4)c4cccc(C)c4)cc3)cc2)c1,59.85000000000002,140.43570592398703,128.8005660985353
Cc1cccc(N(c2ccccc2)c2ccc(N(c3ccc(N(c4ccccc4)c4cccc(C)c4)cc3)c3ccc(N(c4ccccc4)c4cccc(C)c4)cc3)cc2)c1,74.85000000000002,149.58004510275455,142.1041212280509
Cc1cccc(N)c1,-86.14999999999998,51.60407736883039,22.69781267666876
Cc1cccc(O)c1,-74.64999999999998,21.62259977204601,26.51273451469659
Cc1ccccc1,-156.14999999999998,-1.8014653472462427,-19.903526567441236
Cc1ccccc1C,-150.14999999999998,11.503835368649192,-18.55440487359973
Cc1ccccc1N,-84.14999999999998,61.75343065526213,23.361277344151862
Cc1ccccc1N1C(=O)c2cc(S(N)(=O)=O)c(Cl)cc2NC1C,108.85000000000002,177.25836765760067,148.07780868097765
Cc1ccccc1OCC(O)CO,-26.149999999999977,38.418955875506924,65.02111853794067
Cc1ccccn1,-136.84999999999997,12.86183655112125,-15.670181357248879
Cc1ccnc(C)c1,-123.09999999999997,17.826847663537563,-10.637477539036748
Cc1noc(NS(=O)(=O)c2ccc(N)cc2)c1C,32.85000000000002,138.44702654084978,103.17076074025103
ClC(c1ccccc1)(c1ccccc1)c1ccccc1,-30.149999999999977,86.67606787337269,62.375046571861056
Clc1cc(Cl)cc(-c2cc(Cl)cc(Cl)c2)c1,-44.14999999999998,62.36212972746692,54.71820186963282
Clc1ccc(Br)cc1-c1nnc(-c2cc(-c3nnc(-c4cc(Br)ccc4Cl)o3)cc(-c3nnc(-c4cc(Br)ccc4Cl)o3)c2)o1,139.85000000000002,203.90565663251292,181.9763214875003
Clc1ccc(COC(Cn2ccnc2)c2ccc(Cl)cc2Cl)c(Cl)c1,1.650000000000034,60.12500640748633,76.07532623062093
Clc1ccccc1,-145.14999999999998,15.263489243636798,-17.43013679539847
Clc1ccccc1C(c1ccccc1)(c1ccccc1)n1ccnc1,29.850000000000023,128.49835716966012,100.28478769310782
Cn1c(=O)c2[nH]cnc2n(C)c1=O,94.0,154.72973974957813,147.1134202791859
Cn1c(=O)c2c(ncn2C)n(C)c1=O,-13.149999999999977,141.31074843165413,71.02886689408062
Cn1c(=O)c2c(ncn2CC(O)CO)n(C)c1=O,41.85000000000002,111.66745492318228,114.76448751033377
Cn1c2ccccc2c2cc(/C=C/C=N/N(c3ccccc3)c3ccccc3)ccc21,60.85000000000002,130.53413152026724,129.26102872909266
Cn1c2ccccc2c2cc(/C=N/N(c3ccccc3)c3ccccc3)ccc21,59.85000000000002,134.12591483373288,128.8005660985353
Cn1ccc2ccccc21,-88.44999999999999,47.24363248354808,21.669982022517445
Cn1cccn1,-124.69999999999999,14.448700734585039,-12.619779381422921
Cn1cnc2ccccc21,-108.69999999999999,64.36537155812064,4.055960257037995
FC(C(F)(F)F)C(F)(F)F,-226.14999999999998,-63.64877740543106,-56.8754348540154
FC(F)(Cl)Cl,-255.14999999999998,-67.39970580936948,-67.95039964453531
FC(F)(F)C(Cl)Cl,-214.14999999999998,-53.66101893697092,-55.68238031496771
FC(F)(F)Cl,-255.14999999999998,-68.50109347970114,-67.95039964453531
FC(F)(F)c1ccc(-c2nnc(-c3cc(-c4nnc(-c5ccc(C(F)(F)F)cc5)o4)cc(-c4nnc(-c5ccc(C(F)(F)F)cc5)o4)c3)o2)cc1,137.85000000000002,225.1084744730215,177.20389638744686
FC(F)C(F)C(F)(F)F,-178.14999999999998,-58.5301922669912,-34.102004445082315
FCC(F)(F)F,-202.14999999999998,-70.24172436366443,-53.6772533415566
N,-243.14999999999998,-7.544161288693921,-57.371746825009375
N#Cc1ccc(N)cc1,40.85000000000002,103.95753440243888,113.56518091403129
NC(=NCCCCCCN=C(N)/N=C(\N)Nc1ccc(Cl)cc1)/N=C(\N)Nc1ccc(Cl)cc1,62.85000000000002,78.98271439226089,130.18195399020735
NC(=O)N1c2ccccc2C=Cc2ccccc21,61.0,126.30983285165365,129.33009812367627
NC(=O)c1ccccc1,-10.0,82.63722746868683,72.11110163034677
NC(N)=Nc1nc(CSCCC(N)=NS(N)(=O)=O)cs1,49.85000000000002,75.69814336726894,116.3207472328882
NCCCCO,-114.99999999999997,-23.56484678357452,-1.5356560997436608
NCCCO,-104.99999999999997,-22.64607097608762,7.7590673484142085
NCCO,-126.99999999999997,-13.985292974879574,-14.861972604104391
NS(=O)(=O)c1cc2c(cc1C(F)(F)F)NCNS2(=O)=O,99.85000000000002,168.84285750298346,147.940571176954
NS(=O)(=O)c1cc2c(cc1Cl)NCNS2(=O)=O,117.85000000000002,153.75412566138544,152.49532437771518
Nc1ccc(C2(c3ccc(N)cc3)OC(=O)c3ccccc32)cc1,79.85000000000002,182.06718965957984,143.80113386820014
Nc1ccc(C2(c3ccc(N)cc3)c3ccccc3-c3ccccc32)cc1,86.85000000000002,200.07405545856454,145.846580062857
Nc1ccc(Cl)c(Cl)c1,22.850000000000023,88.09671233081393,93.8340064821175
Nc1ccc(Cl)cc1,23.850000000000023,85.79167050656024,94.74356122023737
Nc1ccc(S(=O)(=O)Nc2nccs2)cc1,60.85000000000002,141.7026247828133,129.26102872909266
Nc1ccc([N+](=O)[O-])c2ccccc12,31.850000000000023,121.01569463853366,102.20876972453662
Nc1ccc([N+](=O)[O-])cc1,44.85000000000002,92.26636952162443,115.50965461549363
Nc1ccc([N+](=O)[O-])cc1Cl,50.85000000000002,93.46745399872395,117.50506120925984
Nc1ccc2ccccc2c1,30.850000000000023,118.04272915305056,101.24677870882222
Nc1cccc(C(F)(F)F)c1,6.850000000000023,70.45460720642757,77.25341554495948
Nc1cccc(Cl)c1,12.850000000000023,72.50899888480448,78.28365732772588
Nc1cccc(F)c1,-100.14999999999998,53.3095125897852,13.319531864746684
Nc1cccc([N+](=O)[O-])c1,27.850000000000023,90.75686656531228,98.38178017271683
Nc1cccc2ccccc12,32.85000000000002,115.95862993112772,103.17076074025103
Nc1ccccc1,-81.14999999999998,64.15641295366088,24.356474345376512
Nc1ccccc1C(=O)O,5.0,87.45872549297155,77.02296457825364
Nc1ccccc1Cl,18.850000000000023,75.58784608051336,89.27623791160227
Nc1ccccc1F,-99.14999999999998,64.24787584898553,14.466019393887404
Nc1ccccc1[N+](=O)[O-],25.850000000000023,86.62174329929103,96.5626706964771
Nc1nc(=O)n([C@@H]2CS[C@H](CO)O2)cc1F,70.85000000000002,115.63320948413991,136.92731749170687
Nc1nc2cc(Cl)ccc2o1,11.0,129.8160701840167,77.77037311892126
Nc1nnc(-c2cccc(Cl)c2Cl)c(N)n1,94.0,165.4728438767795,147.1134202791859
O=C(/C=C/C=C/c1ccc2c(c1)OCO2)N1CCCCC1,10.850000000000023,65.62439979730986,77.75168790540457
O=C(CCCN1CC=C(n2c(=O)[nH]c3ccccc32)CC1)c1ccc(F)cc1,29.0,96.79664409372296,99.46709532975055
O=C(CCCN1CCC(O)(c2ccc(Cl)cc2)CC1)c1ccc(F)cc1,33.0,67.28732905479752,103.31505939260816
O=C(CCNNC(=O)c1ccncc1)NCc1ccccc1,23.850000000000023,95.08441719889527,94.74356122023737
O=C(N[C@H](CO)[C@H](O)c1ccc([N+](=O)[O-])cc1)C(Cl)Cl,30.850000000000023,78.40135860519749,101.24677870882222
O=C(Nc1ccccc1)OCCc1ccccc1,-38.14999999999998,37.48696225384853,57.37056150261239
O=C(Nc1ccccc1)OCc1ccccc1,-40.14999999999998,50.63149654896503,56.48644162495253
O=C(O)C(O)C(O)C(=O)O,15.850000000000023,62.795273842896194,87.32544168854349
O=C(O)CC(O)(CC(=O)O)C(=O)O,9.850000000000023,57.756988437565475,77.6271198152933
O=C(O)COC(=O)Cc1ccccc1Nc1c(Cl)cccc1Cl,9.850000000000023,76.11346031196611,77.6271198152933
O=C(O)Cc1ccc(-c2ccccc2)cc1,24.0,72.67486497233469,94.87999443095532
O=C(O)c1ccc(-c2ccccc2)cc1,69.0,94.61839018988769,134.32379596740245
O=C(O)c1ccccc1Nc1cccc(C(F)(F)F)c1,11.850000000000023,99.43664763522864,77.87625599551583
O=C(OCC(O)CO)c1ccccc1Nc1ccnc2cc(Cl)ccc12,63.85000000000002,106.16046219885459,130.64241662076472
O=C(OC[C@@]1(O[C@H]2O[C@H](CO)[C@@H](O)[C@H](O)[C@H]2O)O[C@H](CO)[C@@H](O)[C@@H]1O)c1ccccc1,63.85000000000002,98.1379499070261,130.64241662076472
O=C(Oc1ccccc1)c1ccccc1O,-53.99999999999997,45.548833624999276,50.36391147215802
O=C(c1ccccc1)c1ccccc1,-61.14999999999998,51.121580313008494,44.465794937898124
O=C1CCc2ccc(OCCCCN3CCN(c4cccc(Cl)c4Cl)CC3)cc2N1,89.85000000000002,83.62959842212959,146.37812141236563
O=C1CN=C(c2ccccc2)c2cc(Cl)ccc2N1,73.65000000000003,143.78786134893875,141.6968381944151
O=C1OC(c2ccc(O)cc2)(c2ccc(O)cc2)c2ccccc21,89.85000000000002,163.05224531041574,146.37812141236563
O=C1OC2(OC=C(c3ccccc3)C2=O)c2ccccc21,25.850000000000023,146.7949927645138,96.5626706964771
O=C1[C@H](CC[C@H](O)c2ccc(F)cc2)[C@@H](c2ccc(O)cc2)N1c1ccc(F)cc1,64.85000000000002,118.90653574909258,131.2622118440533
O=C1c2cccc3cccc(c23)C(=O)N1c1ccc(Cc2ccc(N3C(=O)c4cccc5cccc(c45)C3=O)cc2)cc1,169.85000000000002,219.21445196713057,259.9479651254794
O=Cc1ccc(-c2ccccc2)cc1,-49.99999999999997,75.984406483435,52.132151227477735
O=Cc1ccccc1,-124.14999999999998,17.029124645735013,-11.93836312310267
O=P(Oc1ccccc1)(Oc1ccccc1)Oc1ccccc1,-68.14999999999998,23.32082894118003,34.99371224001871
O=[N+]([O-])c1c(Cl)c(Cl)c(Cl)c(Cl)c1Cl,-72.14999999999998,57.57572071852489,29.581093555516183
O=[N+]([O-])c1ccccc1,-112.14999999999998,43.861562658802306,0.9938846330861382
O=c1[nH]c2cc(Cl)ccc2o1,38.0,127.80151406508868,109.60187871120421
O=c1[nH]c2ccccc2n1C1CCN(CCCC(c2ccc(F)cc2)c2ccc(F)cc2)CC1,61.85000000000002,119.72749374891542,129.72149135965
OC1(c2ccc(Cl)cc2)CCNCC1,19.05000000000001,84.75278802372118,89.50443491382534
OC1CCCCCC1,-133.14999999999998,2.154344737701983,-15.366590252006787
OC1OC[C@@H](O)[C@@H](O)[C@H]1O,-13.0,62.60651190432047,71.08416263461167
OC1OC[C@@H](O)[C@H](O)[C@@H]1O,3.9500000000000455,64.6151869746904,76.85796284698408
OC1OC[C@@H](O)[C@H](O)[C@H]1O,9.850000000000023,64.26925676300613,77.6271198152933
OC1OC[C@H](O)[C@H](O)[C@H]1O,3.0,63.39994021314399,76.53469989674711
OCC(F)(F)F,-129.14999999999998,-35.02655619604559,-15.038383651745066
OCC(O)CO,-83.99999999999997,7.485618432142169,23.411037194213097
OCC1(O)OC[C@@H](O)[C@@H](O)[C@@H]1O,10.0,66.69392254683214,77.64580502880999
OCC1(O)OC[C@H](O)[C@@H](O)[C@@H]1O,27.0,64.77940946376688,97.60865864531492
OCCCCC(O)CO,-71.14999999999998,-5.017223667013526,30.934248226641817
OCCCCCO,-109.49999999999997,-32.08324673191796,3.345913735541925
OCCCO,-119.14999999999998,-31.793177957525902,-5.743669865645964
OCCO,-118.14999999999998,-16.218728283604072,-4.5047312141546225
OC[C@@H](O)C(O)[C@@H](O)CO,-22.99999999999997,35.59454502998987,67.10490021122835
OC[C@@H](O)[C@@H](O)[C@H](O)[C@@H](O)CO,-7.149999999999977,44.33892712374066,73.08089048105761
OC[C@@H](O)[C@@H](O)[C@H](O)[C@H](O)CO,8.850000000000023,42.676382424464464,77.50255172518203
OC[C@@H](O)[C@@H](O[C@H]1O[C@H](CO)[C@@H](O)[C@H](O)[C@H]1O)[C@H](O)[C@@H](O)CO,44.0,88.69961197733967,115.29852393569833
OC[C@H]1OC(O)[C@@H](O)[C@@H](O)[C@@H]1O,31.0,67.87831888068814,101.39107736117936
OC[C@H]1OC(O)[C@H](O)[C@@H](O)[C@H]1O,38.0,68.07617421300661,109.60187871120421
OC[C@H]1O[C@@H](O[C@H]2[C@H](O)[C@@H](O)[C@H](O)O[C@@H]2CO)[CH][C@@H](O)[C@H]1O,101.0,108.47104848068375,147.95810708024592
OC[C@H]1O[C@@](CO)(O[C@H]2O[C@H](CO)[C@@H](O)[C@H](O)[C@H]2O)[C@@H](O)[C@@H]1O,67.0,85.81543585265024,132.98434591344179
OC[C@H]1O[C@H](OC[C@H]2OC(O)[C@H](O)[C@@H](O)[C@@H]2O)[C@H](O)[C@@H](O)[C@H]1O,91.0,90.30537157038361,146.58187892967726
OC[C@H]1O[C@H](O[C@H]2O[C@H](CO)[C@@H](O)[C@H](O)[C@H]2O)[C@H](O)[C@@H](O)[C@@H]1O,107.0,93.45948517353844,148.04959874959502
OC[C@H]1O[C@H](O[C@H]2[C@H](O)[C@@H](O)[C@H](O)O[C@@H]2CO)[C@H](O)[C@@H](O)[C@@H]1O,92.0,94.86052600858916,146.75905937951347
OCc1ccc(-c2ccccc2)cc1,-21.99999999999997,67.76641820274826,67.76641820274826
OCc1ccccc1,-102.14999999999998,17.279146687564026,11.026556806465248
OCc1ccccc1O[C@@H]1O[C@H](CO)[C@@H](O)[C@H](O)[C@H]1O,59.85000000000002,84.56278800366916,128.8005660985353
Oc1ccc(-c2ccccc2)cc1,21.0,89.30057560994378,91.72935568550045
Oc1ccc(C2(c3ccc(O)cc3)c3ccccc3-c3ccccc32)cc1,98.85000000000002,184.43328715720446,147.92532256539582
Oc1cccc(F)c1,-82.14999999999998,20.78925836095672,24.024742011634963
Oc1ccccc1,-75.14999999999998,27.79119605894575,26.346868347825815
Oc1ccccc1Cc1ccccc1,-53.14999999999998,51.45793558042101,50.73966242016346
[2H]O[2H],-113.14999999999998,-11.778740450755793,0.10632648121603117
c1cc(-c2cccc3ccccc23)c(-c2cccc3ccccc23)c(-c2cccc3ccccc23)c1,71.65000000000003,206.34743480441347,138.6036003874088
c1cc(N(CC2CO2)CC2CO2)ccc1OCC1CO1,-29.149999999999977,52.53298687697624,63.036564563380956
c1cc(N2C3CCCCC3SC3CCCCC32)ccc1N(c1ccc(N2C3CCCCC3SC3CCCCC32)cc1)c1ccc(N2C3CCCCC3SC3CCCCC32)cc1,140.85000000000002,143.2761091575189,184.362534037527
c1ccc(-c2ccc(-c3nnc(-c4cc(-c5nnc(-c6ccc(-c7ccccc7)cc6)o5)cc(-c5nnc(-c6ccc(-c7ccccc7)cc6)o5)c4)o3)cc2)cc1,146.85000000000002,196.09369650577926,198.67980933768732
c1ccc(-c2ccc(C(c3ccccc3)n3ccnc3)cc2)cc1,16.850000000000023,120.8054667497283,88.0033257238848
c1ccc(-c2ccc(N(c3ccc(-c4ccccc4)cc3)c3ccc(-c4ccccc4)cc3)cc2)cc1,76.0,154.75736461647006,142.49443413528522
c1ccc(-c2ccccc2-c2ccccc2)cc1,-30.149999999999977,106.23336921452781,62.375046571861056
c1ccc(-c2nnc(-c3cc(-c4nnc(-c5ccccc5)o4)cc(-c4nnc(-c5ccccc5)o4)c3)o2)cc1,98.85000000000002,206.67650238226054,147.92532256539582
c1ccc(C2=C(c3ccccc3)C(c3ccccc3)C(c3ccccc3)=C2c2ccccc2)cc1,56.85000000000002,165.32397372433172,126.68629370799583
c1ccc(C2=C(c3ccccc3)CC2)cc1,-57.14999999999998,84.7385178763272,49.31260460075775
c1ccc(C2=C(c3ccccc3)CCC2)cc1,-51.14999999999998,77.54122222752316,51.62378229782332
c1ccc(C2=C(c3ccccc3)CCCC2)cc1,-43.14999999999998,74.70202806977127,55.16026180846275
c1ccc(C2=C(c3ccccc3)CCCCC2)cc1,-40.14999999999998,71.88339607343687,56.48644162495253
c1ccc(N(c2ccccc2)c2ccc(-c3ccc(N(c4ccccc4)c4ccccc4)cc3)cc2)cc1,72.85000000000002,145.16740970752045,141.11802473096165
c1ccc(N(c2ccccc2)c2ccc(-c3ccc(N(c4ccccc4)c4ccccc4)cc3)cc2)cc1,76.85000000000002,145.16740970752045,142.7829262841106
c1ccc(N(c2ccccc2)c2ccc(CCCc3ccc(N(c4ccccc4)c4ccccc4)cc3)cc2)cc1,34.85000000000002,106.92074998545054,105.22138680281645
c1ccc(N(c2ccccc2)c2ccc(CCc3ccc(N(c4ccccc4)c4ccccc4)cc3)cc2)cc1,43.85000000000002,118.68546016833537,115.26126558044034
c1ccc(N(c2ccccc2)c2ccc(N(c3ccc(N(c4ccccc4)c4ccccc4)cc3)c3ccc(N(c4ccccc4)c4ccccc4)cc3)cc2)cc1,88.85000000000002,117.62701880988863,146.20094096252942
c1ccc2c(-c3cc(-c4cccc5ccccc45)cc(-c4cccc5ccccc45)c3)cccc2c1,68.85000000000002,194.72425844393393,134.22333721335542
c1ccc2c(-c3nnc(-c4cc(-c5nnc(-c6cccc7ccccc67)o5)cc(-c5nnc(-c6cccc7ccccc67)o5)c4)o3)cccc2c1,144.85000000000002,251.5085333658323,193.9073842376339
c1ccc2c(c1)CCCN2,-78.04999999999998,62.47936254948321,25.38484457997532
c1ccc2c(c1)CCNC2,-81.99999999999997,53.476058813150686,24.0745018616962
c1ccc2c(c1)[nH]c1ccccc12,-4.2999999999999545,127.65596886701009,74.05067933176846
c1ccc2c(c1)c1ccccc1n2-c1cc(-n2c3ccccc3c3ccccc32)cc(-n2c3ccccc3c3ccccc32)c1,150.85000000000002,252.1315885846353,208.2246595377942
c1ccc2cc(-c3cc(-c4ccc5ccccc5c4)cc(-c4ccc5ccccc5c4)c3)ccc2c1,63.85000000000002,197.71916799061466,130.64241662076472
c1ccc2cc(-c3cc(-c4cccc5ccccc45)cc(-c4cccc5ccccc45)c3)ccc2c1,77.0,197.49928024732543,142.83383666331505
c1ccccc1,-142.14999999999998,5.749040456960337,-16.75557594847772
c1ccncc1,-145.14999999999998,22.336160869023146,-17.43013679539847
