SMILES,Tc_label,Tc_pred,Tc_rescaled_label
*/C(C)=C(/*)C(C)C,0.320934176,0.19377459701459934,0.2817149584683637
*/C(Cl)=C(/*)c1ccccc1,0.185906754,0.16228227443785598,0.1823721556479312
*/C=C(/*)C(C)(C)C,0.284244599,0.181786560787357,0.2632931860477648
*/C=C(/*)c1ccc(-c2ccc(C#C)cc2)cc1,0.264801989,0.23435408224089238,0.2448166275892354
*/C=C(/*)c1ccc(C#C)cc1,0.298685003,0.2147233107426597,0.26901577963343626
*/C=C(/*)c1cccc(C#C)c1,0.274746743,0.20410462748350747,0.25335555365484785
*/C=C/C(C(=O)OCc1ccc(Cl)cc1)C(*)C(=O)OCc1ccc(Cl)cc1,0.171830845,0.16909051683764573,0.17418631754311945
*/C=C/C(C*)C(C)CC,0.237962753,0.21238207986390234,0.2209434788791837
*/C=C/C(C*)OC,0.250969245,0.23656948867009164,0.23341700249103614
*/C=C/C1CC(*)C2C(=O)N(CCCCC)C(=O)C12,0.236932175,0.22218275940500076,0.22082645849251176
*/C=C/C1CC(*)C2C(=O)N(CCCCCC)C(=O)C12,0.232246101,0.22679758509673503,0.2192354904595816
*/C=C/CC*,0.303711437,0.2616787498242998,0.2722093774199459
*/C=C/CCC*,0.289325665,0.2669988646836954,0.2647797881979875
*/C=C/CCCCCCCCCC*,0.336324709,0.3838725369660879,0.2872153478834542
*/C=C\CC*,0.266947942,0.2647442167050981,0.24921237049730904
*/C=C\CCC*,0.244482147,0.2671133932555535,0.22582681058192403
*/C=C\CCCC*,0.263602776,0.2813135010707589,0.24292575541892486
*/C=C\CCCCC*,0.271936281,0.2975040588105251,0.25168954638904645
*C#C/C(COS(=O)(=O)c1ccc(C)cc1)=C(/*)COS(=O)(=O)c1ccc(C)cc1,0.255175548,0.20518900188775538,0.23724770301955125
*C(*)C(=O)OC,0.222112653,0.21386581657849504,0.20604898720611364
*C(*)C(=O)OC(C)C,0.218613254,0.21072361087214297,0.20516969811449484
*C(*)C(=O)OCC,0.225814865,0.2186897427258463,0.21225698202383667
*C(*)C(=O)OCCC,0.244933508,0.22462752520902612,0.22624819301471918
*C(=O)C1CCCN1*,0.222937579,0.21130137099334198,0.20638878250708684
*C(=O)CCCCCCCCC(=O)N1CCN(*)CC1,0.32743928,0.2826205564494839,0.28497118029960095
*C(=O)NC1CCC(CC2CCC(NC(=O)c3ccc(N4C(=O)c5ccc(*)cc5C4=O)cc3)CC2)CC1,0.308291763,0.27090536340774046,0.2751195357896952
*C(=O)NCCCCCCNC(=O)c1ccc(N2C(=O)c3ccc(*)cc3C2=O)cc1,0.30396234,0.2800221899228488,0.2723687912838161
*C(=O)NCCNC(=O)c1ccc(N2C(=O)c3ccc(*)cc3C2=O)cc1,0.262578056,0.25594833617074253,0.24237461786613726
*C(=O)Nc1ccc(C2(c3ccc(NC(=O)c4ccc5c(c4)C(=O)N(c4ccc(Sc6ccc(Oc7ccc(Sc8ccc(N9C(=O)c%10ccc(*)cc%10C9=O)cc8)cc7)cc6)cc4)C5=O)cc3)c3ccccc3-c3ccccc32)cc1,0.233545227,0.2445581662885404,0.2198243351263778
*C(=O)Nc1ccc(Cc2ccc(NC(=O)c3ccc(N4C(=O)c5ccc(*)cc5C4=O)cc3)cc2)cc1,0.335151924,0.2844568660762924,0.2870503686634033
*C(=O)Nc1ccc(NC(=O)c2ccc3c(c2)C(=O)N(c2ccc(S(=O)(=O)c4ccc(N5C(=O)c6ccc(*)cc6C5=O)cc4)cc2)C3=O)cc1,0.302433401,0.28012519828304044,0.27139736378549256
*C(=O)Nc1ccc(Oc2ccc(N3C(=O)c4ccc(*)cc4C3=O)cc2)cc1,0.329475891,0.27810415227467045,0.28599063474643804
*C(=O)Nc1ccc(Oc2ccc(NC(=O)c3ccc4c(c3)C(=O)N(c3ccc(S(=O)(=O)c5ccc(N6C(=O)c7ccc(*)cc7C6=O)cc5)cc3)C4=O)cc2)cc1,0.288809096,0.2739880108568372,0.26461898897984043
*C(=O)Nc1cccc(/C=C/C(=O)/C=C/c2cccc(NC(=O)c3ccc(N4C(=O)c5ccc(*)cc5C4=O)cc3)c2)c1,0.288072027,0.2762595694795327,0.2645650776012416
*C(=O)Nc1cccc(C#Cc2cccc(N3C(=O)c4ccc(*)cc4C3=O)c2)c1,0.254775725,0.25307540303220477,0.2369223776441038
*C(=O)Nc1cccc(NC(=O)/C=C/c2cccc(N3C(=O)c4ccc(*)cc4C3=O)c2)c1,0.283388677,0.2686199668591879,0.26226449555748754
*C(=O)Nc1cccc(NC(=O)c2ccc(N3C(=O)c4ccc(*)cc4C3=O)cc2)c1,0.316497691,0.27241476739987014,0.2794942131411627
*C(=O)Nc1ccccc1NC(=O)c1ccc(N2C(=O)c3ccc(*)cc3C2=O)cc1,0.229940242,0.2510961387740943,0.21819033181097164
*C(=O)OCCOC(=O)c1ccc(*)o1,0.228261215,0.219056228065858,0.21508392124249695
*C(=O)Oc1ccc(C(C)(C)c2ccc(OC(=O)c3ccc4c(c3)C(=O)N(c3ccc(-c5ccc(N6C(=O)c7ccc(*)cc7C6=O)c(C)c5)cc3C)C4=O)cc2)cc1,0.295505091,0.2537516234377375,0.26699538904947645
*C(=O)Oc1ccc(C(C)(C)c2ccc(OC(=O)c3ccc4c(c3)C(=O)N(c3ccc(-c5ccc(N6C(=O)c7ccc(*)cc7C6=O)cc5)cc3)C4=O)cc2)cc1,0.29891003,0.263805611248342,0.2691587529081485
*C(=O)Oc1ccc(C(C)(C)c2ccc(OC(=O)c3ccc4c(c3)C(=O)N(c3ccc(Oc5ccc(N6C(=O)c7ccc(*)cc7C6=O)cc5)cc3)C4=O)cc2)cc1,0.279921661,0.2656600625890547,0.25809765980745547
*C(=O)Oc1ccc(C(C)(C)c2ccc(OC(=O)c3ccc4c(c3)C(=O)n3c-4nc4ccc(Oc5ccc6c(c5)nc5n6C(=O)c6ccc(*)cc6-5)cc43)cc2)cc1,0.251191461,0.24831797630641886,0.2337425144576593
*C(=O)Oc1ccc(OC(=O)c2ccc3c(c2)C(=O)N(C2CCC(N4C(=O)c5ccc(*)cc5C4=O)CC2)C3=O)cc1,0.321091285,0.2419700819714769,0.2817936016008461
*C(=O)Oc1ccc(OC(=O)c2ccc3c(c2)C(=O)N(c2ccc(-c4ccc(N5C(=O)c6ccc(*)cc6C5=O)cc4C(F)(F)F)c(C(F)(F)F)c2)C3=O)cc1,0.282111699,0.2005966400266207,0.26072975860144104
*C(=O)Oc1ccc(OC(=O)c2ccc3c(c2)C(=O)N(c2ccc(C(=O)Nc4ccc(N5C(=O)c6ccc(*)cc6C5=O)cc4)cc2)C3=O)cc1,0.32622674,0.27286690721513274,0.2843642262494815
*C(=O)Oc1ccc(OC(=O)c2ccc3c(c2)C(=O)N(c2ccc(C(=O)Oc4ccc(N5C(=O)c6ccc(*)cc6C5=O)cc4)cc2)C3=O)cc1,0.322281096,0.2609563405222159,0.2823891783284812
*C(=O)Oc1ccc(OC(=O)c2ccc3c(c2)C(=O)N(c2ccc(Oc4ccc(N5C(=O)c6ccc(*)cc6C5=O)cc4)cc2)C3=O)cc1,0.351158377,0.26878465937228274,0.29226413627616216
*C(=O)c1ccc2c(c1)C(=O)N(c1c(C(C)C)cc(Cc3cc(C(C)C)c(N4C(=O)c5ccc(*)cc5C4=O)c(C(C)C)c3)cc1C(C)C)C2=O,0.204282612,0.23371946378295,0.19334785153223888
*C(=O)c1ccc2c(c1)C(=O)N(c1c(C)c(C)c(N3C(=O)c4ccc(*)cc4C3=O)c(C)c1C)C2=O,0.259917753,0.2433280773465491,0.24105467825900256
*C(=O)c1ccc2c(c1)C(=O)N(c1c(C)cc(C(c3cc(C)c(N4C(=O)c5ccc(*)cc5C4=O)c(C)c3)c3cccc4ccccc34)cc1C)C2=O,0.210939398,0.2239541248276351,0.19441146237488652
*C(=O)c1ccc2c(c1)C(=O)N(c1c(C)cc(Cc3cc(C)c(N4C(=O)c5ccc(*)cc5C4=O)c(C)c3)cc1C)C2=O,0.220094916,0.23200561700573735,0.2052656040150455
*C(=O)c1ccc2c(c1)C(=O)N(c1c(CC)cc(Cc3cc(CC)c(N4C(=O)c5ccc(*)cc5C4=O)c(CC)c3)cc1CC)C2=O,0.222803856,0.23743913497358482,0.20633370066091877
*C(=O)c1ccc2c(c1)C(=O)N(c1cc(C(c3ccc(O)c(N4C(=O)c5ccc(*)cc5C4=O)c3)(C(F)(F)F)C(F)(F)F)ccc1O)C2=O,0.189395669,0.17664127239850747,0.18281805599099277
*C(=O)c1ccc2c(c1)C(=O)N(c1ccc(-c3ccc(-c4ccc(N5C(=O)c6ccc(*)cc6C5=O)cc4)cc3)cc1)C2=O,0.373595654,0.28323343835830705,0.3073872584714756
*C(=O)c1ccc2c(c1)C(=O)N(c1ccc(-c3ccc(N4C(=O)c5ccc(*)cc5C4=O)c(C)c3)cc1C)C2=O,0.3105729,0.25774572788261685,0.27652847519143614
*C(=O)c1ccc2c(c1)C(=O)N(c1ccc(-c3ccc(N4C(=O)c5ccc(*)cc5C4=O)c(OC)c3)cc1OC)C2=O,0.299180817,0.2578140172967407,0.26933080028086154
*C(=O)c1ccc2c(c1)C(=O)N(c1ccc(-c3ccc(N4C(=O)c5ccc(*)cc5C4=O)cc3)cc1)C2=O,0.374004427,0.2742299357300102,0.30773914638524624
*C(=O)c1ccc2c(c1)C(=O)N(c1ccc(C(=O)Nc3ccc(N4C(=O)c5ccc(*)cc5C4=O)cc3)cc1)C2=O,0.331274593,0.27639356723077135,0.286504932761461
*C(=O)c1ccc2c(c1)C(=O)N(c1ccc(C(=O)Nc3cccc(N4C(=O)c5ccc(*)cc5C4=O)c3)cc1)C2=O,0.299190121,0.2612723389011295,0.26933671167526274
*C(=O)c1ccc2c(c1)C(=O)N(c1ccc(C)c(N3C(=O)c4ccc(*)cc4C3=O)c1)C2=O,0.229606072,0.24295523733563607,0.21803886519241172
*C(=O)c1ccc2c(c1)C(=O)N(c1ccc(C3(c4ccc(N5C(=O)c6ccc(*)cc6C5=O)cc4)c4ccccc4-c4ccccc43)cc1)C2=O,0.227667352,0.2298268916153562,0.2136642314786132
*C(=O)c1ccc2c(c1)C(=O)N(c1ccc(Cc3ccc(N4C(=O)c5ccc(*)cc5C4=O)c(C)c3)cc1C)C2=O,0.253414349,0.24449913552347213,0.23565327894880186
*C(=O)c1ccc2c(c1)C(=O)N(c1ccc(Cc3ccc(N4C(=O)c5ccc(*)cc5C4=O)cc3)cc1)C2=O,0.272615302,0.25965375201033136,0.25209206167643755
*C(=O)c1ccc2c(c1)C(=O)N(c1ccc(N3C(=O)c4ccc(*)cc4C3=O)c(C)c1)C2=O,0.27875452,0.25211758768228015,0.25669493053129167
*C(=O)c1ccc2c(c1)C(=O)N(c1ccc(N3C(=O)c4ccc(*)cc4C3=O)nc1)C2=O,0.293057796,0.25817223708095777,0.266101397649945
*C(=O)c1ccc2c(c1)C(=O)N(c1ccc(Oc3c(C)cc(Cc4cc(C)c(Oc5ccc(N6C(=O)c7ccc(*)cc7C6=O)cc5)c(C)c4)cc3C)cc1)C2=O,0.236433639,0.2411482847218912,0.22076985057395548
*C(=O)c1ccc2c(c1)C(=O)N(c1ccc(Oc3cc4ccccc4cc3Oc3ccc(N4C(=O)c5ccc(*)cc5C4=O)cc3)cc1)C2=O,0.240362753,0.24243475209200707,0.22180705791245803
*C(=O)c1ccc2c(c1)C(=O)N(c1ccc(Oc3ccc(-c4ccc(Oc5ccc(N6C(=O)c7ccc(*)cc7C6=O)cc5)cc4)cc3)cc1)C2=O,0.33194566,0.27402450267800954,0.2865993337900058
*C(=O)c1ccc2c(c1)C(=O)N(c1ccc(Oc3ccc(C(=O)c4cccc(C(=O)c5ccc(Oc6ccc(N7C(=O)c8ccc(*)cc8C7=O)cc6)cc5)c4)cc3)cc1)C2=O,0.261879265,0.2720971660955902,0.24199877864991237
*C(=O)c1ccc2c(c1)C(=O)N(c1ccc(Oc3ccc(C(c4ccc(Oc5ccc(N6C(=O)c7ccc(*)cc7C6=O)cc5)cc4)(C(F)(F)F)C(F)(F)F)cc3)cc1)C2=O,0.230541679,0.2056593710967679,0.21846294044928996
*C(=O)c1ccc2c(c1)C(=O)N(c1ccc(Oc3cccc4c(Oc5ccc(N6C(=O)c7ccc(*)cc7C6=O)cc5)cccc34)cc1)C2=O,0.253248203,0.24439829612020256,0.23560460876716383
*C(=O)c1ccc2c(c1)C(=O)N(c1ccc(Sc3ccc(N4C(=O)c5ccc(*)cc5C4=O)cc3)cc1)C2=O,0.237456292,0.24212487167234623,0.22088597109029798
*C(=O)c1ccc2c(c1)C(=O)N(c1ccc3c(c1)Cc1cc(N4C(=O)c5ccc(*)cc5C4=O)ccc1-3)C2=O,0.3325687,0.25694805144781513,0.2866869787149158
*C(=O)c1ccc2c(c1)C(=O)N(c1cccc(C(=O)N(C)c3ccc(N4C(=O)c5ccc(*)cc5C4=O)cc3)c1)C2=O,0.253404651,0.2459272463361469,0.2356504380533152
*C(=O)c1ccc2c(c1)C(=O)N(c1cccc(C(=O)Nc3ccc(N4C(=O)c5ccc(*)cc5C4=O)cc3)c1)C2=O,0.282680928,0.2655089423823912,0.26141388689711526
*C(=O)c1ccc2c(c1)C(=O)N(c1cccc(C(=O)Nc3cccc(N4C(=O)c5ccc(*)cc5C4=O)c3)c1)C2=O,0.248247801,0.24936684363115577,0.229758280025439
*C(=O)c1ccc2c(c1)C(=O)N(c1cccc(C(=O)c3cccc(N4C(=O)c5ccc(*)cc5C4=O)c3)c1)C2=O,0.23166303,0.23527417055421676,0.21897120643423415
*C(=O)c1ccc2c(c1)C(=O)N(c1cccc(N3C(=O)c4ccc(*)cc4C3=O)c1C)C2=O,0.256559347,0.23672478821174675,0.2395668648185219
*C(=O)c1ccc2c(c1)C(=O)N(c1cccc(OCCOCCOc3cccc(N4C(=O)c5ccc(*)cc5C4=O)c3)c1)C2=O,0.232989048,0.23386577784603244,0.2195722402272425
*C(C)C(*)C,0.264498348,0.20057594062921652,0.24419465321591477
*C(C)C(*)O,0.269690871,0.25543109743275333,0.25035849499084106
*C(C)C(*)OC,0.217127213,0.21093137302449533,0.2050735087674236
*C(C)C(*)OC(C)(C)C,0.203928088,0.19000473529134151,0.19326451328734914
*C(C)C(*)OC(C)C,0.223844824,0.20456894131117226,0.20791439294180222
*C(C)C(*)OCC,0.227848602,0.21393699815628703,0.21409752799599843
*C(C)C(*)OCC(C)C,0.222144713,0.21131486256619286,0.20606219304196946
*C(C)C(*)OCCC,0.232191511,0.21920869075253507,0.21921074687785017
*C(C)C(*)OCCCC,0.2476222,0.2298758521954104,0.22891721901767986
*C(CC)C(*)CC,0.250042719,0.19152184796292968,0.23217137645898853
*C(F)(F)C(*)(F)C(F)(F)F,0.082200976,0.09832429489325882,0.09832429489325882
*C(F)(F)C(*)(F)Cl,0.119922243,0.11857792514227256,0.12239927015689515
*C(F)(F)C(*)(F)F,0.19501973,0.11848754864326971,0.18795618046047374
*C(F)(F)C(*)(F)OC(F)(F)C(F)(F)C(F)(F)C(F)(F)F,0.09864473,0.10134117517256744,0.10409186510880716
*C(F)(F)C(*)(F)OC(F)(F)C(F)(F)F,0.104992442,0.10196160217474601,0.10917963999515877
*C(F)(F)C(*)(F)OC(F)(F)F,0.11540703,0.10702328017051346,0.11157170444957148
*C(F)(F)C(*)(F)OC(F)C(F)F,0.143872872,0.11655189861051271,0.13776074290914853
*C(F)(F)C(*)(F)c1c(F)c(F)c(F)c(F)c1F,0.109340544,0.10569596814431931,0.1098044159801472
*C(F)(F)C(*)(F)c1ccccc1,0.209551814,0.12912778941163144,0.19420333679975402
*C(F)(F)C(*)(OC(F)(F)F)OC(F)(F)F,0.096025647,0.10082643254980186,0.10082643254980186
*C(F)(F)C(F)(F)C1(F)C(*)(F)OC(F)(F)C1(F)F,0.111266374,0.11085998822870516,0.11008113725650416
*C(F)C(*)(F)F,0.14138687,0.1334629164084568,0.13615626424706542
*C(F)C(*)(F)OC(F)(F)F,0.115882336,0.11365385509383384,0.11177499204705989
*C(OC(F)(F)F)C(*)(F)F,0.113432798,0.11318828917673814,0.11072732865762965
*C([2H])([2H])C(*)(C(=O)OC([2H])([2H])[2H])C([2H])([2H])[2H],0.200554319,0.17859194503842232,0.1924714386658188
*C([2H])([2H])C(*)([2H])c1c([2H])c([2H])c([2H])c([2H])c1[2H],0.198937871,0.19335819766499113,0.19209145892036988
*C(c1ccccc1)C(*)[N+](=O)[O-],0.16724356,0.16396487299951198,0.16741515290252457
*C1C(*)C2CC1C1C=CCC12,0.161458476,0.1575571985900449,0.1568252101332354
*C1C2CC(C)C(C2)C1*,0.171048226,0.16382890990580348,0.17309785438607866
*C1CC2CC1C(*)C2CCCC,0.241394354,0.21578741415309813,0.22289641274688232
*C1CC2CC1C(*)C2CCCCCC,0.261321169,0.24361764881786624,0.24169861112740812
*C1CCC(*)C1,0.284922378,0.24091300461719142,0.2641077752414175
*C1CCC(*)N1,0.263630423,0.25022531236768814,0.24294062513935769
*C1CCC(CC2CCC(N3C(=O)C4C5C=CC(C6C(=O)N(*)C(=O)C56)C4C3=O)C(C)C2)CC1C,0.2249129,0.2145376344329355,0.21071133656525337
*C1CCC(CC2CCC(N3C(=O)C4C5C=CC(C6C(=O)N(*)C(=O)C56)C4C3=O)CC2)CC1,0.232731371,0.2182652034860877,0.21945544499167177
*C1CCC(N2C(=O)c3ccc(-c4ccc5c(c4)C(=O)N(*)C5=O)cc3C2=O)CC1,0.322479304,0.24181587153280104,0.28248839414681803
*C1CCC1*,0.236871624,0.1815216601208903,0.2208195830290016
*C1Cc2ccccc2C1*,0.161666133,0.15234627606463447,0.1570032221557714
*C1Oc2ccccc2C1*,0.154427579,0.15761499939998946,0.15474638411004651
*C=CC(C)C(*)C(=O)OC,0.242911397,0.20932802638397713,0.2243603869070539
*C=CC(C)CCCCC*,0.264312063,0.2715401662366645,0.24381306938456782
*C=CC(C*)OC,0.240715701,0.23871818527498867,0.22217976558732494
*C=CC1CCC(*)C1,0.309193929,0.2537964762006527,0.2756927364605215
*C=CCC(C)(CC*)C(=O)OC,0.249826128,0.21234992658771418,0.23188019047186323
*C=CCC*,0.314780299,0.2654699453291054,0.2786345482805867
*C=CCCCCCC*,0.302191029,0.32332083528924543,0.2712433701823314
*C=CCCCCCCCC*,0.343357529,0.3488803413742803,0.28860470445858477
*C=CCCCCCCCCCC*,0.357300526,0.37912655919971433,0.2961472156621088
*CC(*)(C(=O)OC)c1ccccc1,0.174256665,0.16078133822619323,0.17710017355513225
*CC(*)(C)C,0.239525744,0.18786943531025443,0.22112095386039304
*CC(*)(C)C#N,0.201063991,0.16152996688197646,0.19259124767719588
*CC(*)(C)C(=O)OC,0.214253377,0.16243759907578226,0.19833521639049756
*CC(*)(C)C(=O)OC(C)(C)C,0.199032877,0.15861983842731647,0.19211379205802487
*CC(*)(C)C(=O)OC(C)C,0.212297791,0.173232388865114,0.19506208523311713
*CC(*)(C)C(=O)OC(C)CC,0.219748019,0.1796196219127681,0.20524314985938563
*CC(*)(C)C(=O)OC(OCC)C(F)(F)F,0.158540956,0.13091598852501957,0.15596310320556223
*CC(*)(C)C(=O)OC1CCCCC1,0.188801438,0.17755458713368732,0.18274211037272522
*CC(*)(C)C(=O)OCC,0.214601581,0.17326728392792906,0.2000702459917306
*CC(*)(C)C(=O)OCC(=O)c1ccccc1,0.206062145,0.17323362045571455,0.1936799166913879
*CC(*)(C)C(=O)OCC(C)C,0.211663838,0.183029019043627,0.1947275182875598
*CC(*)(C)C(=O)OCC(C)O,0.247322516,0.18458726091908606,0.22851432239978878
*CC(*)(C)C(=O)OCCBr,0.156664784,0.13100788602716068,0.1554087073903814
*CC(*)(C)C(=O)OCCC,0.217185653,0.1817560678124064,0.20507729150655588
*CC(*)(C)C(=O)OCCC#N,0.215065114,0.15792566232091793,0.20237993650691222
*CC(*)(C)C(=O)OCCCC,0.223797866,0.19454888218051786,0.20779142521415928
*CC(*)(C)C(=O)OCCCCCC,0.247136147,0.2107117519642795,0.2283045367847604
*CC(*)(C)C(=O)OCCCCCCCC,0.263447418,0.2388428456943335,0.24284219734654805
*CC(*)(C)C(=O)OCCCCCCCCCCCC,0.297503097,0.2660158697288929,0.2682648432070428
*CC(*)(C)C(=O)OCCCCCCN(C)c1ccc(/N=N/c2ccc(S(C)(=O)=O)cc2)cc1,0.239801416,0.2278379703946073,0.22121429464963524
*CC(*)(C)C(=O)OCCN(C)C,0.241329136,0.19707599663219477,0.22282754353912515
*CC(*)(C)C(=O)OCCO,0.250973925,0.1810555621577758,0.23342329430565328
*CC(*)(C)C(=O)OCCOC,0.229867686,0.18632830119792015,0.21815744492113642
*CC(*)(C)C(=O)OCCO[N+](=O)[O-],0.219332193,0.17385175983780332,0.20521623402635328
*CC(*)(C)C(=O)OCCS(=O)CC,0.23559466,0.19169873637842688,0.22067458592927103
*CC(*)(C)C(=O)OCc1c(Cl)cccc1Cl,0.140187539,0.13530081400283567,0.13599532763216055
*CC(*)(C)C(=O)OCc1cc(Cl)cc(Cl)c1,0.129715026,0.1300399673941872,0.1276023778743468
*CC(*)(C)C(=O)OCc1cc(Cl)ccc1Cl,0.138323775,0.13357407643445268,0.13534221885331296
*CC(*)(C)C(=O)OCc1ccc(Cl)c(Cl)c1,0.142399015,0.13701954184620593,0.13623550998152514
*CC(*)(C)C(=O)OCc1ccc(Cl)cc1,0.167641229,0.15284720715487202,0.16835941753411304
*CC(*)(C)C(=O)OCc1ccc(Cl)cc1Cl,0.134920498,0.13333855623555113,0.13333855623555113
*CC(*)(C)C(=O)OCc1cccc(Cl)c1,0.156695253,0.15072785150537404,0.15541771076858593
*CC(*)(C)C(=O)OCc1cccc(Cl)c1Cl,0.14256689,0.1350524799058359,0.13624865372839187
*CC(*)(C)C(=O)OCc1ccccc1,0.196260903,0.17202019539384414,0.1894360424608788
*CC(*)(C)C(=O)OCc1ccccc1Cl,0.165076796,0.15534324690529702,0.16178045045272235
*CC(*)(C)C(=O)Oc1c(C(C)C)cccc1C(C)C,0.201358713,0.17101420657391025,0.19266052821732968
*CC(*)(C)C(=O)Oc1c(C)cccc1C,0.211223838,0.16331230986481965,0.1944953095022946
*CC(*)(C)C(=O)Oc1ccc(C#N)cc1,0.199831364,0.15344456858113623,0.19230149304624364
*CC(*)(C)C(=O)Oc1ccc(C(=O)OC)cc1,0.243504441,0.18371696517670832,0.22491404201565784
*CC(*)(C)C(=O)Oc1ccc(CC#N)cc1,0.207428616,0.16261381652337328,0.19388487549948666
*CC(*)(C)C(=O)Oc1ccccc1,0.192736665,0.1677601234080467,0.18528314773968882
*CC(*)(C)C(C)=O,0.212146266,0.16344927991390906,0.19498211833269144
*CC(*)(C)CC,0.238234779,0.1771321009129712,0.2209743669708224
*CC(*)(C)CCC,0.243076256,0.1814900743403111,0.22451429627558192
*CC(*)(C)OC,0.207223659,0.19709049785450594,0.19385413372565355
*CC(*)(C)c1ccc(C(C)C)cc1,0.22250314,0.18562830993942833,0.20620983272157942
*CC(*)(C)c1ccc(C)cc1,0.206248478,0.17477654568216106,0.19370786502661747
*CC(*)(C)c1ccc2ccccc2c1,0.186141125,0.17442164377089864,0.18240210940412865
*CC(*)(C)c1ccccc1,0.20669134,0.16585709461201703,0.19377429048875477
*CC(*)(CC(=O)OC)C(=O)OC,0.211788328,0.16477961251597317,0.1947932175413727
*CC(*)(CC(=O)OC1CCCCC1)C(=O)OC1CCCCC1,0.173081052,0.17665249491884982,0.17592510009015
*CC(*)(CC(=O)OCC)C(=O)OCC,0.226726356,0.17511239528701422,0.21252775966854362
*CC(*)(CC(=O)OCC1CCCCC1)C(=O)OCC1CCCCC1,0.205021412,0.19070905368974278,0.1935215218488452
*CC(*)(CC(=O)OCCC)C(=O)OCCC,0.225769616,0.1883754516741918,0.21224353985310176
*CC(*)(CC(=O)OCCC1CCCCC1)C(=O)OCCC1CCCCC1,0.217195568,0.20409295190368779,0.20507793329058216
*CC(*)(CC(=O)OCCCC)C(=O)OCCCC,0.23939117,0.21073163763898736,0.22110567321058683
*CC(*)(CC(=O)OCCCC1CCCCC1)C(=O)OCCCC1CCCCC1,0.238263021,0.20972449571392743,0.2209775738020961
*CC(*)(CC(=O)OCCCCCCC)C(=O)OCCCCCCC,0.268835353,0.2547080227758088,0.24990611609124633
*CC(*)(CC(=O)OCCCCCCCC)C(=O)OCCCCCCCC,0.275383563,0.2560300090054789,0.25373305270909857
*CC(*)(CC(=O)OCCCCCCCCC)C(=O)OCCCCCCCCC,0.27657995,0.2729216279517016,0.25444225619048716
*CC(*)(CC(=O)OCCCc1ccccc1)C(=O)OCCCc1ccccc1,0.210081521,0.19847742157640136,0.19428278825928852
*CC(*)(CC(=O)OCCc1ccccc1)C(=O)OCCc1ccccc1,0.202653643,0.19021563475309838,0.19296492846514102
*CC(*)(CC(=O)OCc1ccccc1)C(=O)OCc1ccccc1,0.203256306,0.17852015134294202,0.193106596946485
*CC(*)(CC(=O)Oc1ccc(OCCCCCCC)cc1)C(=O)Oc1ccc(OCCCCCCC)cc1,0.278660635,0.2653056520050494,0.2565820947744357
*CC(*)(CC(=O)Oc1ccccc1)C(=O)Oc1ccccc1,0.188229452,0.16943009696034225,0.18266900777388678
*CC(*)(CC)C(=O)OCC,0.205025977,0.17065728670314548,0.1935225949471063
*CC(*)(CCC(C)C(=O)OC)C(=O)OC,0.238137173,0.18678373054821795,0.22096328397481288
*CC(*)(Cl)Cl,0.096200541,0.11505785081711495,0.10104448770955612
*CC(*)(F)C(C)=O,0.210118729,0.15524630884535023,0.19428836913684225
*CC(*)(F)F,0.148188116,0.14713747941119537,0.1456432626186217
*CC(*)C,0.25877338,0.23252524098818017,0.2405663605449516
*CC(*)C#N,0.227307045,0.2023833200181355,0.21280288103287798
*CC(*)C(=O)C(C)(C)C,0.222675631,0.1801844120267758,0.20628088349614607
*CC(*)C(=O)C(C)C,0.225007493,0.2004668399488631,0.21095904486332684
*CC(*)C(=O)C1CCCCC1,0.219884069,0.201395988252918,0.20525195618482958
*CC(*)C(=O)N(C)C,0.254840576,0.2048403161234169,0.23698832910822562
*CC(*)C(=O)N1CCCCC1,0.224880389,0.21002014424560012,0.2106262008313337
*CC(*)C(=O)N1CCOCC1,0.212390136,0.2085447293745844,0.19511082005192468
*CC(*)C(=O)NC(C)C,0.262015599,0.21041200512708802,0.24207210481425162
*CC(*)C(=O)O,0.351557632,0.20989918639175295,0.29251654611842354
*CC(*)C(=O)OC,0.249473618,0.20781682068100857,0.2314062743242785
*CC(*)C(=O)OC(C(F)(F)F)C(F)(F)F,0.132233355,0.11078513919695579,0.13000362119495787
*CC(*)C(=O)OC(C)(C)C,0.228960032,0.19107261525765085,0.21675451419361194
*CC(*)C(=O)OC(C)C,0.251403563,0.2053754800768936,0.23405711294383597
*CC(*)C(=O)OC(CC)CC,0.245278243,0.21030213247721746,0.2265700313502636
*CC(*)C(=O)OC(F)(C(F)(F)Cl)C(F)(F)Cl,0.102567279,0.09579609364852415,0.10883116988059327
*CC(*)C(=O)OC(F)(C(F)(F)F)C(F)(F)Cl,0.108082679,0.09923849457387342,0.10962367416582053
*CC(*)C(=O)OC(F)(C(F)(F)F)C(F)(F)F,0.115357789,0.10357031913793593,0.11155064415454487
*CC(*)C(=O)OC(OCC)C(F)(F)F,0.183494514,0.15233110359325602,0.18206385961791988
*CC(*)C(=O)OC1CC2CCC1(C)C2(C)C,0.208176754,0.17720899943721075,0.19399708971608795
*CC(*)C(=O)OC1CCCCC1,0.215312167,0.20499022602540273,0.20499022602540273
*CC(*)C(=O)OC1CCCCCCCCCCC1,0.245455632,0.2374486266098607,0.22673563849924436
*CC(*)C(=O)OCC,0.261966182,0.21335274868987458,0.24204552627138518
*CC(*)C(=O)OCC(C)(C)C,0.235321696,0.2010572690837961,0.22062954131606133
*CC(*)C(=O)OCC(C)C,0.241958713,0.21356685824610078,0.22347097842558328
*CC(*)C(=O)OCC(C)O,0.280976264,0.2148514477235736,0.25936513520488397
*CC(*)C(=O)OCC(F)(F)C(F)(F)C(F)(F)F,0.134586462,0.11579800587244055,0.13292399386904527
*CC(*)C(=O)OCC(F)(F)C(F)(F)F,0.143562058,0.1287700857446916,0.13699301338989056
*CC(*)C(=O)OCC(F)(F)C(F)C(F)(F)F,0.149880398,0.12375311937974859,0.15099954454943018
*CC(*)C(=O)OCC(F)(F)F,0.164710423,0.1444004581095149,0.16118540537302023
*CC(*)C(=O)OCC=C,0.263380595,0.21392519695428702,0.24280625712415566
*CC(*)C(=O)OCCC,0.245170112,0.21662483453169634,0.22646908221234388
*CC(*)C(=O)OCCC#N,0.249017898,0.18949070371949345,0.2307936021539079
*CC(*)C(=O)OCCCC,0.255094023,0.22328766550495754,0.23718705809039073
*CC(*)C(=O)OCCCCCC,0.259092425,0.2469454754240483,0.2407025008812575
*CC(*)C(=O)OCCCCCCC,0.258296751,0.25461005834493894,0.2403629772217428
*CC(*)C(=O)OCCCCCCCC,0.283339543,0.26600048289345746,0.26220544382315986
*CC(*)C(=O)OCCCCCCCCCCCC,0.309141226,0.3028491561478816,0.27565925105433847
*CC(*)C(=O)OCCCCCCCCCCCCCC,0.313712263,0.3206030940551994,0.2780999277518838
*CC(*)C(=O)OCCCCCCCCCCCCCCCC,0.333661973,0.3375648407652493,0.28684077274096725
*CC(*)C(=O)OCCCCCCCCCCCCCCCCCC,0.332315444,0.35642702520136244,0.28665135242590867
*CC(*)C(=O)OCCCCCCCCCCCCCCCCCCCCCC,0.358016945,0.364578992489758,0.29660013724551554
*CC(*)C(=O)OCCO,0.297878745,0.21402641491390587,0.2685035151206314
*CC(*)C(=O)OCCc1ccccc1,0.218359976,0.2021524075793396,0.20515330378523508
*CC(*)C(=O)OCc1ccc(C#N)cc1,0.206123134,0.18938852581954896,0.1936890645128544
*CC(*)C(=O)OCc1ccccc1,0.203084164,0.19553617128924175,0.19306613138660242
*CC(*)C(=O)Oc1c(Cl)c(Cl)c(Cl)c(Cl)c1Cl,0.103950173,0.0926113061925017,0.10902987703166392
*CC(*)C(=O)Oc1ccc(-c2ccccc2)cc1,0.225714507,0.20237163045130052,0.21222716856120513
*CC(*)C(=O)Oc1ccc(C#N)cc1,0.217648606,0.18286725922538533,0.20510725780411743
*CC(*)C(=O)Oc1ccc(C(=O)OC)cc1,0.246881391,0.2120407848440286,0.22806670120957961
*CC(*)C(=O)Oc1ccc(C(=O)OCC)cc1,0.254460099,0.21866320261316363,0.23660139574999384
*CC(*)C(=O)Oc1ccc(C(=O)OCCCC)cc1,0.269375988,0.22629222161028545,0.2501718362258845
*CC(*)C(=O)Oc1ccc(Cl)cc1Cl,0.148391912,0.1306792691779065,0.14583320268059222
*CC(*)C(=O)Oc1ccc(OC)cc1,0.230448188,0.2132959578825598,0.21842056451597522
*CC(*)C(=O)Oc1cccc(C(=O)OC)c1,0.234531676,0.20497114396282737,0.22027145513838314
*CC(*)C(=O)Oc1cccc(C(=O)OCC)c1,0.235991614,0.21075003476894721,0.2207196593837509
*CC(*)C(=O)Oc1cccc(N(C)C)c1,0.265857865,0.2127920706501519,0.24697947059595796
*CC(*)C(=O)Oc1ccccc1,0.204691395,0.1922120465671167,0.19344394448436839
*CC(*)C(=O)Oc1ccccc1C(=O)OC,0.219785117,0.19513647076622975,0.20524555116082863
*CC(*)C(=O)Oc1ccccc1C(=O)OCC,0.218273906,0.20088898858862592,0.20514773259500382
*CC(*)C(=O)c1ccc(Br)c(OC)c1,0.149327416,0.14616666363906403,0.1485293650004451
*CC(*)C(=O)c1ccc(Br)cc1,0.12605159,0.12884291735768982,0.12641508902304288
*CC(*)C(=O)c1ccc(C(C)(C)C)cc1,0.231159229,0.1995870327234324,0.21874285250091544
*CC(*)C(=O)c1ccc(C(C)C)cc1,0.236631114,0.20940215189387296,0.22079227352579225
*CC(*)C(=O)c1ccc(C)c(C)c1,0.223876284,0.1998324690829681,0.20799677644858808
*CC(*)C(=O)c1ccc(C)cc1,0.217537979,0.19688373184871955,0.20510009707376176
*CC(*)C(=O)c1ccc(CC)cc1,0.231546443,0.21141365049624472,0.2189183619578956
*CC(*)C(=O)c1ccc(CCC)cc1,0.233892305,0.2216582281920143,0.2199816524529976
*CC(*)C(=O)c1ccc(Cl)cc1,0.143955688,0.14648391201104616,0.13796530347548996
*CC(*)C(=O)c1ccc(OC)cc1,0.228482209,0.21283447381357162,0.21561222982491365
*CC(*)C(=O)c1ccccc1,0.183250902,0.18387881252453703,0.1819034000979404
*CC(*)C(=O)c1ccccc1O,0.225341707,0.18759621764881393,0.21183424261720213
*CC(*)C(=O)n1c2ccccc2c2ccccc21,0.185889246,0.17432165335315836,0.18236991804019173
*CC(*)C(C)(C)C,0.210797175,0.16558764274659238,0.19439013015739764
*CC(*)C(C)=O,0.26561373,0.20330995740212576,0.24647938755832258
*CC(*)C(C)C,0.234342233,0.19395243577744348,0.22018558779355912
*CC(*)C(C)CC,0.234228593,0.19360624755139677,0.2201340790808286
*CC(*)C(C)c1ccccc1,0.185319288,0.17662992845810505,0.18229707462963837
*CC(*)C(CC)CC,0.243101437,0.19277321749614162,0.22453780479989002
*CC(*)C1CC1,0.241876535,0.20741788986038617,0.223394258537152
*CC(*)C1CC=CCC1,0.196699201,0.1873451419541005,0.1899775941210532
*CC(*)C1CCC(C)CC1,0.229479225,0.19549462655064187,0.2179813702462332
*CC(*)C1CCC1,0.225308463,0.2023621369066547,0.21174718739471043
*CC(*)C1CCCC(C)C1,0.212366103,0.19196332615033962,0.19509813670252404
*CC(*)C1CCCC1,0.231107263,0.20048068807982106,0.2187192982791119
*CC(*)C1CCCCC1,0.209246003,0.19716135296572657,0.19415746779992638
*CC(*)C=C,0.273513817,0.22933763897251763,0.2526246903041975
*CC(*)C=O,0.267165471,0.23476633265832156,0.2494618935493819
*CC(*)CC,0.264363289,0.22242085739726403,0.24391800007326836
*CC(*)CC(C)(C)C,0.234660455,0.18321295873115667,0.22032982578706953
*CC(*)CC(C)(C)CC,0.232292247,0.1886976784110313,0.21925640669556948
*CC(*)CC(C)C,0.240918065,0.20737775772431,0.22239345886768566
*CC(*)CC(C)CC,0.263746378,0.2109458383852751,0.2430029906196191
*CC(*)CC(CC)CC,0.26234017,0.2106902339132266,0.2422466727612477
*CC(*)CC1CCCC1,0.258406248,0.2179629041777278,0.2404097009077573
*CC(*)CC1CCCCC1,0.229332958,0.2184502564542708,0.21764603163936308
*CC(*)CCC,0.261130695,0.22615540585438548,0.24159616619198218
*CC(*)CCC(C)(C)C,0.249457925,0.20017742831760194,0.2313851765792385
*CC(*)CCC(C)CC,0.265949678,0.2271126405482441,0.24716753918069348
*CC(*)CCC1CCCCC1,0.251637679,0.2240630971606963,0.2344043635081387
*CC(*)CCCC,0.275330549,0.2316103212672878,0.2537016266627086
*CC(*)CCCC(C)(C)C,0.257288867,0.21581651626089543,0.2401505409261531
*CC(*)CCCC1CCCCC1,0.265537579,0.237862511236199,0.24632340081574594
*CC(*)CCCCC,0.27463839,0.24624225872595837,0.2532913233306978
*CC(*)CCCCCC,0.285305157,0.2582104977151849,0.26436270065131706
*CC(*)CCCCCCC,0.3025418,0.2748808143911535,0.2714662362319347
*CC(*)CCCCCCCC,0.311086292,0.2889753677954315,0.2767854608197032
*CC(*)CCCCCCCCC,0.296879704,0.3065798904633737,0.26786876389814795
*CC(*)CCCCCCCCCC,0.342728736,0.32038886157719976,0.288315639472163
*CC(*)CCCCCCCCCCC,0.329033378,0.32806679825492796,0.2857691286043062
*CC(*)CCCCCCCCCCCC,0.357973495,0.3351570275764721,0.2965726680650513
*CC(*)CCCCCCCCCCCCC,0.349106811,0.3476476387234244,0.2912477302608203
*CC(*)CCCCCCCCCCCCCC,0.365110117,0.3554337175374395,0.3010844553521219
*CC(*)CCCCCCCCCCCCCCCC,0.373038526,0.3720774098498889,0.30690766072499215
*CC(*)CCCCCCCCCCCCCCCCCCCC,0.393169818,0.39779842800704357,0.3242374705299184
*CC(*)CCCCCCCCCO,0.330609059,0.31223485768446135,0.2864113100767938
*CC(*)CCCN(C(C)C)C(C)C,0.27772076,0.21938253160125804,0.25545250530886604
*CC(*)CCCN(CC(C)C)CC(C)C,0.258228983,0.21689079703076236,0.2403340598015959
*CC(*)CCN(C(C)C)C(C)C,0.274221978,0.20989377615975013,0.253044479424761
*CC(*)CCc1ccc(C)cc1,0.23781263,0.21174179462863785,0.22092643266675888
*CC(*)CCc1ccccc1,0.213754837,0.19767663734213003,0.1958510931254039
*CC(*)CCc1ccccc1C,0.237337805,0.20372511963174245,0.22087251709209932
*CC(*)CNc1ccc([N+](=O)[O-])c(C(F)(F)F)c1,0.206534587,0.15433906669399164,0.19375077889718356
*CC(*)CNc1ccc([N+](=O)[O-])cc1,0.252535899,0.2037814059823943,0.2353959491240697
*CC(*)CNc1ccc([N+](=O)[O-])cc1C,0.245603324,0.2007201902112198,0.2268735210683285
*CC(*)CNc1ccc([N+](=O)[O-])cc1[N+](=O)[O-],0.236441097,0.19102833224535495,0.22077069741722577
*CC(*)CNc1ccc([N+](=O)[O-])cn1,0.238277713,0.19893687852876923,0.22097924205381597
*CC(*)Cc1cc(C)cc(C)c1,0.227538068,0.19987798929914663,0.21335516495748974
*CC(*)Cc1cc(C)ccc1C,0.219339206,0.19901571517717398,0.20521668796799486
*CC(*)Cc1ccc(C)c(C)c1,0.220624848,0.2028770517125939,0.20543614539028482
*CC(*)Cc1ccc(C)cc1,0.20880675,0.20083280461107283,0.1940915836565133
*CC(*)Cc1cccc(C)c1,0.213029156,0.19836737130285356,0.19544806109274324
*CC(*)Cc1ccccc1,0.192462189,0.19209148877990112,0.18496178880813405
*CC(*)Cc1ccccc1C,0.211243073,0.19503415026910353,0.19450546072044136
*CC(*)Cl,0.142730624,0.15943862482914295,0.1362614732563113
*CC(*)N1CCCC1=O,0.236040386,0.20425065082047664,0.22072519736175816
*CC(*)N1CCNC1,0.239553034,0.22147680217006518,0.2211240525936789
*CC(*)N1Cc2ccccc2N1,0.210041586,0.19768280479893177,0.19427679835536707
*CC(*)NC(=O)OC(C)(C)C,0.240864603,0.20547087256368668,0.2223370038156278
*CC(*)OC,0.262373678,0.24710308930080466,0.24226469477420617
*CC(*)OC(=O)C(C)(C(C)C)C(C)C,0.212645982,0.18615369769913526,0.19524584207209503
*CC(*)OC(=O)C(C)(C)C(C)(C)CC,0.20834975,0.18549951714673002,0.19402303761689654
*CC(*)OC(=O)C(C)(C)C(C)C(C)C,0.21225308,0.18992344656489996,0.19503848912630353
*CC(*)OC(=O)C(C)(C)CC(C)(C)C,0.214976534,0.18675668220204605,0.20193856041106834
*CC(*)OC(=O)C(C)(C)CCC,0.219638957,0.20251546301535162,0.20523609042928223
*CC(*)OC(=O)C(F)(F)C(F)(F)C(F)(F)C(F)(F)C(F)(F)C(F)(F)C(F)(F)C(F)(F)C(F)(F)F,0.117620774,0.10922499201985036,0.11463930068164696
*CC(*)OC(=O)C(F)(F)C(F)(F)C(F)(F)C(F)(F)C(F)(F)C(F)(F)C(F)(F)F,0.118403797,0.1066285770021729,0.11736015580482856
*CC(*)OC(=O)C(F)(F)C(F)(F)C(F)(F)C(F)(F)C(F)(F)F,0.117573176,0.10767966741130698,0.11447390673772298
*CC(*)OC(=O)C(F)(F)C(F)(F)C(F)(F)C(F)(F)F,0.117895156,0.10820079828130687,0.11559272563903496
*CC(*)OC(=O)C(F)(F)C(F)(F)C(F)(F)F,0.124821014,0.11408300487008761,0.12597880605869738
*CC(*)OC(=O)C(F)(F)C(F)(F)F,0.134381971,0.12300692083882289,0.13267020603513172
*CC(*)OC(=O)C(F)(F)F,0.160012719,0.14228485085689888,0.156397998965726
*CC(*)OC(=O)C1(C)CCCCC1,0.199836391,0.1884013542079611,0.19230267474722035
*CC(*)OC(=O)C1(F)C(F)(F)C(F)(F)C(F)(F)C(F)(F)C1(F)F,0.099404761,0.09966901250504837,0.10503946011562953
*CC(*)OC(=O)C1CCCC1,0.23014149,0.20464877780498797,0.2182815499156847
*CC(*)OC(=O)C1CCCCC1,0.215272882,0.2034152021276086,0.2034152021276086
*CC(*)OC(=O)CC,0.254353251,0.2134564072312172,0.23649273463392018
*CC(*)OC(=O)CC(C)(C)c1ccccc1,0.205542847,0.19286599086224385,0.19360202649164854
*CC(*)OC(=O)CC1CCCC1,0.236625928,0.21045587603835988,0.22079168466427448
*CC(*)OC(=O)CC1CCCCC1,0.222720187,0.21306761028117183,0.20629923655985136
*CC(*)OC(=O)CCCC(=O)c1ccccc1,0.238763693,0.2103883826812421,0.22103442425983516
*CC(*)OC(=O)CCCC1CCCCC1,0.244722191,0.22729458039804837,0.22605091130107763
*CC(*)OC(=O)CCCCC,0.259631398,0.23465452384004754,0.2409324871386187
*CC(*)OC(=O)CCCCCCC,0.270802383,0.25387113580466597,0.2510173856173734
*CC(*)OC(=O)CCCCCCCCC,0.286467814,0.2700224226743299,0.2644477407787782
*CC(*)OC(=O)CCCCCCCCCCC,0.282501246,0.2809875426733839,0.2611979359521997
*CC(*)OC(=O)CCl,0.218868603,0.17222473700825963,0.20518622649667628
*CC(*)OC(=O)c1ccc(Br)cc1,0.139742427,0.13948240948938453,0.13584179264503954
*CC(*)OC(=O)c1ccc(C#N)cc1,0.188964216,0.18554451041292652,0.18276291419455606
*CC(*)OC(=O)c1ccc(C(C)(C)C)cc1,0.245177434,0.20515107860745005,0.2264759178985749
*CC(*)OC(=O)c1ccc(C(C)C)cc1,0.241150434,0.2125549329711412,0.22263883696786232
*CC(*)OC(=O)c1ccc(C)cc1,0.205615125,0.20162248712339878,0.193612867565284
*CC(*)OC(=O)c1ccc(CC)cc1,0.231673795,0.21411270705510166,0.21897608580146877
*CC(*)OC(=O)c1ccc(Cl)cc1,0.15531743,0.15819896619848237,0.15501057362696996
*CC(*)OC(=O)c1ccc(OC(=O)CCC)cc1,0.25604142,0.22133642149835092,0.23772912441890703
*CC(*)OC(=O)c1ccc(OC(C)=O)cc1,0.24818347,0.21215782361748886,0.2296717931181448
*CC(*)OC(=O)c1ccc(OC)cc1,0.222833617,0.21461462949429144,0.20634595951559453
*CC(*)OC(=O)c1ccc(OCC)cc1,0.229699129,0.22382872950618138,0.21808104440994572
*CC(*)OC(=O)c1cccc(Br)c1,0.137957273,0.1387106587013264,0.13519058464454667
*CC(*)OC(=O)c1cccc(C)c1,0.210139794,0.1962718730597934,0.19429152870429198
*CC(*)OC(=O)c1cccc(Cl)c1,0.153320971,0.1569206982018557,0.1543647527346121
*CC(*)OC(=O)c1cccc(OC)c1,0.21828481,0.20801788874015353,0.20514843839561125
*CC(*)OC(=O)c1cccc([N+](=O)[O-])c1,0.196771713,0.18459474694648365,0.19006718840161704
*CC(*)OC(=O)c1ccccc1,0.186373384,0.18815378156090573,0.18243179323643158
*CC(*)OC(=O)c1ccccc1C,0.223566569,0.19174285459430235,0.20718573360675172
*CC(*)OC(=O)c1ccccc1Cl,0.171958387,0.16453940194933878,0.174363702411076
*CC(*)OC(=O)c1ccccc1OC,0.216310624,0.20125194729231358,0.20502592453196303
*CC(*)OC(=O)c1ccccc1OC(C)=O,0.217738726,0.19819527019049488,0.2051130911451612
*CC(*)OC(=O)c1cccnc1,0.195169036,0.19186612524081126,0.18813098924752514
*CC(*)OC(=O)c1ccncc1,0.194295907,0.19113196833105303,0.1871087220819095
*CC(*)OC(C)(C)C,0.226849329,0.20177204769371743,0.21256429139436708
*CC(*)OC(C)=O,0.258656205,0.2088133567372824,0.24051636056405032
*CC(*)OC(C)C,0.241975026,0.22025540412417466,0.223486207946136
*CC(*)OC(C)CC,0.235279019,0.22314017136840503,0.22061019744653299
*CC(*)OC(F)(C(F)(F)F)C(F)(F)F,0.105366502,0.10782507583558061,0.10923338843641998
*CC(*)OC1CCCCC1,0.209300741,0.2113641580813828,0.1941656780255643
*CC(*)OC=O,0.235150652,0.22342545684913168,0.22055201354185966
*CC(*)OCC,0.24221035,0.23674405598357914,0.2237059021590057
*CC(*)OCC(C)(C)C,0.218243316,0.21007388027524893,0.2051457525472616
*CC(*)OCC(C)(C)CC,0.235379261,0.21405920919444826,0.22065012773758758
*CC(*)OCC(C)(C)CC(C)C,0.254371124,0.21090743486911656,0.23651091092292498
*CC(*)OCC(CC)CCCC,0.250639578,0.23686140045113807,0.23297379658304534
*CC(*)OCC(F)(F)F,0.150868966,0.14933011032759763,0.15351913979785212
*CC(*)OCCC,0.240692237,0.23694523401211792,0.22215498796319028
*CC(*)OCCCCCCCCCCCC,0.325984117,0.32601236485805735,0.28424277787458074
*CC(*)OCCCCCCCCCCCCCCCCCC,0.364697261,0.3768715249685808,0.30082344692934276
*CC(*)OCCCl,0.187521218,0.17984957044640876,0.18257849201653303
*CC(*)OCCOC,0.251788875,0.2380385621423679,0.23462862368822174
*CC(*)OCc1ccccc1,0.205595119,0.20003899572633574,0.19360986683865694
*CC(*)O[N+](=O)[O-],0.243039162,0.17439031882952355,0.22447966599081629
*CC(*)P(=O)(OCC)N(C)C,0.207524248,0.19565447088518484,0.1938992194707353
*CC(*)P(=O)(Oc1ccccc1)N(C)C,0.193867563,0.1821039930430671,0.18660721313330234
*CC(*)P(=O)(c1ccccc1)c1ccccc1,0.152952702,0.15693566157252975,0.15423774931063552
*CC(*)SC,0.202535215,0.19642430257288923,0.19293708949890517
*CC(*)SCC,0.212352519,0.20120368897077867,0.1950909677840262
*CC(*)SCCCC,0.231505378,0.21845252952895322,0.2188997487469815
*CC(*)c1c(C)cc(C)cc1C,0.232927166,0.17716570644897445,0.21954419145778467
*CC(*)c1c(Cl)cccc1Cl,0.113806933,0.11162122584352624,0.11088734558417027
*CC(*)c1c(F)c(F)c(F)c(F)c1F,0.111121575,0.11573225354291135,0.11006033118115213
*CC(*)c1cc(Br)ccc1OC,0.128686133,0.12965706584247316,0.12726892229109527
*CC(*)c1cc(Br)ccc1OC(C)C,0.144697579,0.13200629188714783,0.13979781945215697
*CC(*)c1cc(Br)ccc1OCC,0.139419841,0.1324637203917304,0.13573052124063928
*CC(*)c1cc(Br)ccc1OCCC,0.138151779,0.1409101539329073,0.13527105832111677
*CC(*)c1cc(Br)ccc1OCCC(C)C,0.156760429,0.15489585898499997,0.15543696982460542
*CC(*)c1cc(Br)ccc1OCCCC,0.15926394,0.1492852176265178,0.1561767399638353
*CC(*)c1cc(Br)ccc1OCCCCC,0.161556934,0.15765192089731198,0.1568603887635535
*CC(*)c1cc(C(C)(C)C)ccc1C,0.211943136,0.1771984445608271,0.1948749170359848
*CC(*)c1cc(C(C)C)ccc1C(C)C,0.190254382,0.18512387297240307,0.18292780369802816
*CC(*)c1cc(C)c(C)cc1C,0.249066929,0.18736839991914062,0.23085951966726137
*CC(*)c1cc(C)cc(C)c1,0.239838224,0.18591385957684942,0.2212531633331141
*CC(*)c1cc(C)ccc1C,0.194019925,0.18292511379658152,0.18678559991221763
*CC(*)c1cc(C)ccc1F,0.195322638,0.16542425077561757,0.18831082782942185
*CC(*)c1cc(Cl)ccc1Cl,0.112111131,0.11085103307604019,0.11020251984751764
*CC(*)c1cc(F)ccc1F,0.146382976,0.1439608527407757,0.1439608527407757
*CC(*)c1ccc(-c2ccc(-c3ccccc3)cc2)cc1,0.239465602,0.21804181666135947,0.22111412483814025
*CC(*)c1ccc(-c2ccccc2)cc1,0.200955009,0.19830655907591827,0.19256562918985912
*CC(*)c1ccc(Br)cc1,0.124850886,0.12602595093712682,0.12602595093712682
*CC(*)c1ccc(C#N)cc1,0.174135805,0.17883117313360852,0.1770624187960934
*CC(*)c1ccc(C(=O)C(F)(F)F)cc1,0.154440392,0.15072857738530637,0.15475080287695717
*CC(*)c1ccc(C(=O)CC)cc1,0.244573024,0.22218126259593468,0.22591165169877975
*CC(*)c1ccc(C(=O)CCC)cc1,0.245764324,0.22714469076932498,0.22702382774453672
*CC(*)c1ccc(C(=O)CCCC)cc1,0.263241449,0.23272138636943962,0.24273141854784197
*CC(*)c1ccc(C(=O)CCCCC)cc1,0.258123945,0.242521934251818,0.24028923882447698
*CC(*)c1ccc(C(=O)CCCCCCC)cc1,0.271736697,0.2615688200729046,0.25157123545150745
*CC(*)c1ccc(C(=O)CCN2CCCCC2)cc1,0.245284571,0.2305933112740451,0.22657593905614587
*CC(*)c1ccc(C(=O)CCN2CCOCC2)cc1,0.241083815,0.23054362118321847,0.22256848832559223
*CC(*)c1ccc(C(=O)Cc2ccccc2)cc1,0.219547247,0.20800066356309205,0.2052301541697713
*CC(*)c1ccc(C(=O)N(C)C)cc1,0.247926371,0.21962448028815937,0.22932614798005543
*CC(*)c1ccc(C(=O)N(CC)CC)cc1,0.241507546,0.21948783054264154,0.22301594176286635
*CC(*)c1ccc(C(=O)N2CCCCC2)cc1,0.235723579,0.221912111501579,0.22068922446340367
*CC(*)c1ccc(C(=O)N2CCOCC2)cc1,0.22605657,0.221135109349673,0.21232878559689872
*CC(*)c1ccc(C(=O)O)c(C(=O)O)c1,0.3080457,0.1838224816113493,0.27496319707080585
*CC(*)c1ccc(C(=O)OC(C)C)cc1,0.250453544,0.21299827465395388,0.2327236915743937
*CC(*)c1ccc(C(=O)OC)cc1,0.223091355,0.21226498365255275,0.20645212438527039
*CC(*)c1ccc(C(=O)OCC(C)C)cc1,0.237523806,0.2188773837654787,0.22089363719066668
*CC(*)c1ccc(C(=O)OCC)cc1,0.235563807,0.2186917477966056,0.2206710826233689
*CC(*)c1ccc(C(=O)OCCC)cc1,0.24176446,0.22396505578952194,0.22328723900659844
*CC(*)c1ccc(C(=O)OCCCC)cc1,0.261827286,0.23010025304360385,0.2419708221555955
*CC(*)c1ccc(C(=O)OCCCCCC)cc1,0.258101979,0.2448142039076515,0.24027986566825357
*CC(*)c1ccc(C(=O)OCCN(C)C)cc1,0.258067435,0.22793895599071237,0.24026512532824715
*CC(*)c1ccc(C(=O)c2ccc(C)cc2)cc1,0.242415832,0.215303962926501,0.22389773642261207
*CC(*)c1ccc(C(=O)c2ccc(OC)cc2)cc1,0.245710563,0.22600821612157512,0.22697363745124707
*CC(*)c1ccc(C(=O)c2ccccc2)cc1,0.216592432,0.2040240545933656,0.20503889314429066
*CC(*)c1ccc(C(C)(C)C)cc1,0.235879806,0.19479293676272158,0.2207069637746917
*CC(*)c1ccc(C(C)(C)O)cc1,0.268025613,0.2169327727607423,0.24969070879836616
*CC(*)c1ccc(C(C)(O)CC)cc1,0.260987479,0.22024371338889015,0.24151913859833707
*CC(*)c1ccc(C(C)(O)CCC)cc1,0.266747745,0.22495184287587483,0.248802289501608
*CC(*)c1ccc(C(C)(O)CCCC)cc1,0.262999518,0.231109221749276,0.24260129787167337
*CC(*)c1ccc(C(C)(O)CCCCC)cc1,0.27418578,0.23799672025113783,0.2530230216961002
*CC(*)c1ccc(C(C)=NO)cc1,0.262934975,0.21532866732730607,0.24256658392926028
*CC(*)c1ccc(C(C)=O)cc1,0.237084593,0.21694835361843184,0.22084376529830013
*CC(*)c1ccc(C(C)C)cc1,0.245006224,0.20719861991035934,0.22631607935178227
*CC(*)c1ccc(C(C)C)cc1C(C)C,0.215437297,0.19051623752668337,0.20499469988269042
*CC(*)c1ccc(C(C)CC)cc1,0.23187009,0.2139625446608459,0.21906505889866548
*CC(*)c1ccc(C(F)(F)C(F)(F)C(F)(F)C(F)(F)C(F)(F)C(F)(F)C(F)(F)F)cc1,0.116253947,0.11431507570607496,0.11193392946293568
*CC(*)c1ccc(C(F)(F)C(F)(F)C(F)(F)C(F)(F)C(F)(F)C(F)F)cc1,0.115569094,0.11640090870725417,0.11164101895685598
*CC(*)c1ccc(C(O)CCN(C)C)cc1,0.268210349,0.23153189303508406,0.2497398523279652
*CC(*)c1ccc(C(O)CCN2CCCCC2)cc1,0.250363552,0.23230439892279242,0.23260270589468693
*CC(*)c1ccc(C(O)CCN2CCOCC2)cc1,0.232670764,0.2314351615087491,0.2194279741314777
*CC(*)c1ccc(C)c(C)c1,0.222441085,0.19363978784669966,0.20618427164409867
*CC(*)c1ccc(C)cc1,0.207409376,0.19587045697728928,0.1938819896662214
*CC(*)c1ccc(C)cc1C,0.214891697,0.18538606659558315,0.201515834921758
*CC(*)c1ccc(C)nc1,0.216347814,0.19911917669479842,0.20502725421111695
*CC(*)c1ccc(CC)cc1,0.241331997,0.2082925321003719,0.22283056471124624
*CC(*)c1ccc(CCC)cc1,0.242985282,0.22223320199533556,0.22442936460128773
*CC(*)c1ccc(CCCC)cc1,0.246370764,0.22612750969068143,0.22758998911546668
*CC(*)c1ccc(CCCCCC)cc1,0.255178414,0.24938775818444964,0.23724983498357427
*CC(*)c1ccc(CCCCCCCC)cc1,0.284941701,0.2704883193544669,0.2641309986032935
*CC(*)c1ccc(CCCCCCCCC)cc1,0.276524365,0.2789107737304562,0.2544093060869563
*CC(*)c1ccc(CCCCCCCCCC)cc1,0.300936032,0.2891810874833757,0.2704459946192033
*CC(*)c1ccc(CCCCCCCCCCCC)cc1,0.302738789,0.3064513689260994,0.2715913952680161
*CC(*)c1ccc(CCCCCCCCCCCCCC)cc1,0.320037972,0.3286149905757934,0.28126635087807117
*CC(*)c1ccc(CCCCCCCCCCCCCCCC)cc1,0.337054547,0.33693865872923523,0.2873180164066733
*CC(*)c1ccc(CCCCCCCCCCCCCCCCCC)cc1,0.317277699,0.35795346243769066,0.2798846571798959
*CC(*)c1ccc(COC(C)CC)cc1,0.247595241,0.22184084454286018,0.22888097520779438
*CC(*)c1ccc(COC)cc1,0.228853851,0.22028101192993824,0.21650067773837064
*CC(*)c1ccc(COCC(CC)CCCC)cc1,0.26087891,0.24244069060174792,0.2414648155036633
*CC(*)c1ccc(COCCC)cc1,0.237335127,0.22846586281634124,0.22087221300973436
*CC(*)c1ccc(COCCCC)cc1,0.260603141,0.2358593771441348,0.2413471415567193
*CC(*)c1ccc(COCCCCCC)cc1,0.261210733,0.2539286514708975,0.24163921399767543
*CC(*)c1ccc(COCCCCCCOc2ccc(-c3ccc(OC)cc3)cc2)cc1,0.265685462,0.275008406265594,0.24662632247734545
*CC(*)c1ccc(COCCCCO)cc1,0.272183986,0.2421867729054929,0.2518363828628274
*CC(*)c1ccc(COCCO)cc1,0.25859742,0.23021511310396642,0.24049127629797581
*CC(*)c1ccc(COCCOCC)cc1,0.249515883,0.23613195934723819,0.23146309559453368
*CC(*)c1ccc(COCCOCCCC)cc1,0.2507784,0.2453781106005688,0.23316042955073427
*CC(*)c1ccc(COCCOCCCCCCCC)cc1,0.266343252,0.27324145180189235,0.24797373117059351
*CC(*)c1ccc(Cl)c(C)c1,0.152412214,0.1491709681319433,0.1540513534244267
*CC(*)c1ccc(Cl)c(Cl)c1,0.108557769,0.11503969442660329,0.10969193954292257
*CC(*)c1ccc(Cl)c(F)c1,0.121296834,0.12977936515142524,0.1226935153079892
*CC(*)c1ccc(Cl)cc1,0.150273069,0.1437855133488854,0.1527536122653405
*CC(*)c1ccc(Cl)cc1C,0.163669069,0.13948376852921351,0.15962308262404876
*CC(*)c1ccc(Cl)cc1Cl,0.107893694,0.11035641852520538,0.10959651903249498
*CC(*)c1ccc(F)cc1,0.163887726,0.16534172173347106,0.15990908818309416
*CC(*)c1ccc(F)cc1C,0.167659758,0.15819009509537543,0.16838518758804322
*CC(*)c1ccc(I)cc1,0.097198673,0.16425762584508707,0.10228894339537635
*CC(*)c1ccc(N(C)C)cc1,0.270531824,0.2150960765176539,0.25085700157381474
*CC(*)c1ccc(O)cc1,0.28470777,0.20647595323171333,0.26384984845750803
*CC(*)c1ccc(OC(C)=O)cc1,0.259585297,0.20862722261564792,0.24091281528780129
*CC(*)c1ccc(OC)cc1,0.215501326,0.21136599684623594,0.2049969891547137
*CC(*)c1ccc(OCC)cc1,0.242464965,0.2230102637083928,0.2239436060991471
*CC(*)c1ccc(OCCC(C)C)cc1,0.282457207,0.23462658959451219,0.26114500764739934
*CC(*)c1ccc(OCCC)cc1,0.243869844,0.22928024461368146,0.2252551756206673
*CC(*)c1ccc(OCCCC)cc1,0.246692673,0.23586779400237537,0.22789051751193573
*CC(*)c1ccc(Oc2ccccc2)cc1,0.221253857,0.204345542012057,0.20569524051211374
*CC(*)c1ccc(S(=O)(=O)OCCC)cc1,0.209057278,0.20412113230360712,0.194129160685426
*CC(*)c1ccc2ccccc2c1,0.189317179,0.18674959979656164,0.182808024586408
*CC(*)c1cccc(-c2ccc(-c3ccccc3)cc2)c1,0.222348269,0.2040886302043799,0.20614603980190296
*CC(*)c1cccc(C)c1,0.227224304,0.18917837872247606,0.21267568563449013
*CC(*)c1cccc(C)n1,0.231875326,0.19375776362233027,0.21906743217937524
*CC(*)c1cccc(CC)c1,0.230753147,0.1958050368540861,0.21855879089335625
*CC(*)c1cccc(Cl)c1,0.141849652,0.1408000621522915,0.1361924976913691
*CC(*)c1cccc(F)c1,0.165605561,0.16263924466400076,0.16263924466400076
*CC(*)c1cccc2ccccc12,0.183531473,0.1816556118994666,0.1820685831582696
*CC(*)c1ccccc1,0.203029804,0.18716347181954013,0.19305335293721054
*CC(*)c1ccccc1C,0.23889195,0.1827413252857361,0.22104898762498887
*CC(*)c1ccccc1C(=O)N(C)C,0.186909259,0.18076269891325578,0.18250028067345372
*CC(*)c1ccccc1C(=O)NC,0.192915175,0.18686159406629782,0.18549214882857035
*CC(*)c1ccccc1C(=O)Nc1ccccc1,0.197508078,0.1808622409161721,0.19097702528940644
*CC(*)c1ccccc1C(=O)O,0.221643379,0.17908565374905364,0.2058556885343917
*CC(*)c1ccccc1C(=O)OC,0.193160544,0.18011028802126547,0.18577942902675404
*CC(*)c1ccccc1C(=O)OC(C)C,0.208751466,0.1799861932066232,0.19408329153560702
*CC(*)c1ccccc1C(=O)OCC,0.216698631,0.1847553273583824,0.2050457672564246
*CC(*)c1ccccc1C(=O)OCC(C)C,0.203326994,0.1848938878212225,0.19312321363211069
*CC(*)c1ccccc1C(=O)OCCC,0.209516095,0.1908162192025446,0.19419797925929652
*CC(*)c1ccccc1C(=O)OCCC(C)C,0.218106694,0.19559849842982294,0.20513690919706093
*CC(*)c1ccccc1C(=O)OCCCC,0.225796643,0.1961686263498581,0.21225156879403864
*CC(*)c1ccccc1C(=O)OCCCCC,0.230202874,0.2032916229009472,0.21830937296058303
*CC(*)c1ccccc1C(=O)OCCCCCC,0.238187774,0.21487976003218112,0.22096902963267281
*CC(*)c1ccccc1C(=O)OCCN(C)C,0.216260507,0.19784093247058598,0.20502413266505912
*CC(*)c1ccccc1C(=O)Oc1ccccc1,0.192525654,0.17779078726265754,0.18503609419217898
*CC(*)c1ccccc1CC,0.223756212,0.1860938562355633,0.2076823469372471
*CC(*)c1ccccc1COC,0.19732083,0.1950279643565406,0.1907456656544906
*CC(*)c1ccccc1COC(C)C,0.220707828,0.18803530133515922,0.20547032568533521
*CC(*)c1ccccc1COCC,0.211823768,0.19578160668939598,0.1948119209035313
*CC(*)c1ccccc1COCCC,0.22997739,0.2029130861808,0.2182071695939751
*CC(*)c1ccccc1COCCC(C)C,0.237360118,0.2028976872878186,0.22087505069546345
*CC(*)c1ccccc1COCCCC,0.220379086,0.20924323252979843,0.20533491355523806
*CC(*)c1ccccc1COCCCCC,0.238571654,0.21071539209635526,0.22101261855659282
*CC(*)c1ccccc1COCCc1ccccc1,0.206285623,0.1937583930623199,0.19371343645471717
*CC(*)c1ccccc1COCc1ccccc1,0.204719244,0.18784377730503227,0.19345049097143818
*CC(*)c1ccccc1Cl,0.155241408,0.14541734982224833,0.15498810965316495
*CC(*)c1ccccc1F,0.180059006,0.16690363873426683,0.17917413890992695
*CC(*)c1ccccc1OC,0.214975451,0.19253500853789357,0.20193316404268052
*CC(*)c1ccccn1,0.184406433,0.19055680538268038,0.18218040731109797
*CC(*)c1cccs1,0.196546556,0.1981562165216857,0.1897889892148768
*CC(*)c1ccncc1,0.194624132,0.1895632383266267,0.18749301081866457
*CC(*)c1nc(C)nc(C)n1,0.263398106,0.19718484607269443,0.2428156752771017
*CC(*)n1c2ccccc2c2ccccc21,0.178401902,0.16659928057045637,0.17839508025787815
*CC(=C)COCC(=C)COC(=O)O*,0.245695552,0.2276724484374606,0.22695962345424983
*CC(=O)N*,0.375345394,0.2752075496662333,0.3088935036448142
*CC(C)(C)COC(=O)CCC(=O)O*,0.228303005,0.21278863876209647,0.2151838244781468
*CC(C)(CCC)C(=O)O*,0.211231836,0.19195369807887283,0.19449953042471405
*CC(C)C(*)(C)C,0.236350165,0.19155759981521195,0.2207603722426142
*CC(C)CNC(=O)O*,0.257436252,0.2395567939468461,0.24016371841560621
*CC(C)O*,0.239033549,0.23155231536720533,0.22106506595164863
*CC(CC(*)(C#N)C(=O)OC)c1ccccc1,0.199800698,0.17765975313273485,0.19229428436469376
*CC(CCl)O*,0.164668029,0.16722312300000694,0.1611165511149038
*CC(F)(F)C(F)(F)C(F)(F)C(F)(F)COC(=O)O*,0.145276489,0.12688534498096665,0.14122776242767807
*CC(O)COc1ccc(C(C)(C)c2ccc(O*)cc2)cc1,0.22967917,0.22810203502450624,0.2180719977503418
*CC(OC)C(C(=O)O)C(*)C(=O)O,0.302701509,0.18882350697867317,0.2715677090273371
*CC(OC)C1C(=O)OC(=O)C1*,0.21637842,0.18585524127526648,0.20502834848807808
*CC(c1ccccn1)C(c1ccccc1)C(*)c1ccccn1,0.19889562,0.18855405006006726,0.19208152694345199
*CC/C=C(/*)C,0.304049871,0.2430760610709845,0.2724244050266507
*CC/C=C(/*)Cl,0.170304562,0.19648961900735634,0.17206356967638264
*CC/C=C(\*)C,0.232021285,0.24778159708587794,0.21913358987210166
*CC/C=C(\*)C(C)(C)C,0.230866797,0.20726891437454306,0.21861030413870844
*CC/C=C(\*)Cl,0.150572404,0.19416837572122353,0.1534168656737164
*CC1(*)CCC(C)CC1,0.21062304,0.1677042366484731,0.19436401141645968
*CC1(*)CCCCC1,0.209508397,0.16571116765922478,0.19419682462600776
*CC1(C)CC(*)(C)C(=O)OC1=O,0.185992809,0.16699424626106948,0.18238315389639015
*CC1CC(*)C(OC(=O)CCCCCCCCCCOc2ccc(-c3ccc(C#N)cc3)cc2)C1,0.268797476,0.26885184773104365,0.24989604003963417
*CC1CC(*)C(OC(=O)CCCCCCCCCCOc2ccc(-c3ccc(C#N)cc3)cc2)C1OC(=O)CCCCCCCCCCOc1ccc(-c2ccc(C#N)cc2)cc1,0.263259921,0.2827311376540163,0.2427413535670424
*CC1CC(*)OC(CCC)O1,0.253400518,0.24058232764440013,0.23564922734790728
*CC1CCC(*)C1,0.316659421,0.28141052905480685,0.27957516938056576
*CC1CCC(COC(=O)CCC(=O)O*)CC1,0.229884201,0.22539584167477525,0.218164930545835
*CC1CCC(COC(=O)CCCCCCCCC(=O)O*)CC1,0.262542365,0.25914956760153474,0.24235542174388286
*CCC(*)(C)C,0.243031165,0.21822602503295066,0.22447220013684338
*CCC(C)C(*)C,0.254887827,0.2331416557150537,0.2370336727262302
*CCC(C)CO*,0.231649902,0.23945961459157705,0.21896525600849737
*CCC(c1ccccc1)C(*)c1ccccc1,0.202492274,0.19341838754300095,0.19292699532312635
*CCC1CC(OC(=O)CCCCCCCCCCOc2ccc(-c3ccc(C#N)cc3)cc2)CC1*,0.2621942,0.27006521239104747,0.24216816395046972
*CCC1CC2C(CC(*)C2OC(=O)CCCCCCCCCCOc2ccc(-c3ccc(C#N)cc3)cc2)C1OC(=O)CCCCCCCCCCOc1ccc(-c2ccc(C#N)cc2)cc1,0.248651693,0.2834785492187995,0.230301274382139
*CCC1CCCC1*,0.250907231,0.2542454113657977,0.23333363056973938
*CCC=C(*)C,0.231880959,0.24901093061282586,0.21906998540516553
*CCC=C(*)C(C)C,0.235767575,0.22332024953871377,0.22069422013469883
*CCC=C(*)CCC,0.257522564,0.2376061029742016,0.2401714354524124
*CCC=C(*)CCCCCCC,0.278102134,0.2870103510479389,0.25591085993351526
*CCC=C(*)Cl,0.156164169,0.19536380472376097,0.1552607791295307
*CCC=C(*)c1ccccc1,0.209330511,0.20871251545185818,0.19417014326757612
*CCCC(*)(C)C,0.26184049,0.23394679467804436,0.24197792382263333
*CCCC(*)(C)CC,0.255337725,0.22616179303214762,0.23736834346943134
*CCCC(=O)N*,0.294452199,0.27672140469233497,0.266595178866263
*CCCC=C(*)c1ccc(Cl)cc1,0.170800563,0.17985220728249257,0.1727534057452174
*CCCC=C(*)c1ccc(OC)cc1,0.225130935,0.24124188540715602,0.21128229930848436
*CCCC=C(*)c1ccccc1,0.210673224,0.21368275603634435,0.19437153858156278
*CCCCCC(=O)N*,0.291903519,0.2939192423227289,0.26569264903062345
*CCCCCC(=O)O*,0.249772695,0.25534536470307617,0.2318083548884361
*CCCCCCC(=O)N*,0.310631867,0.30632748287890227,0.27655799195745906
*CCCCCCCC(*)C,0.335492597,0.3307578688202305,0.28709829216671584
*CCCCCCCC(=O)N*,0.304778171,0.31597744605021155,0.2728871381030056
*CCCCCCCCC(=O)N*,0.307321668,0.3220301687069778,0.27450317571320676
*CCCCCCCCCC(=O)N*,0.30774671,0.3306444773093783,0.27477323062497394
*CCCCCCCCCCC(=O)N(*)C,0.308782805,0.3074057144304934,0.2754315244966559
*CCCCCCCCCCC(=O)N*,0.318229487,0.33816492646334123,0.2803610881277039
*CCCCCCCCCCCC(=O)N*,0.324815751,0.34737153329819814,0.2836579357450659
*CCCCCCCCCCCCC(=O)N*,0.341259433,0.3538917660545301,0.2879095304631143
*CCCCCCCCCCCCNC(=O)CCCCCCCCCCC(=O)N*,0.304591986,0.3714686284873483,0.27276884350212527
*CCCCCCCCCCCCNC(=O)CCCCCCCCCCCCCCCCCCC(=O)N*,0.349800281,0.402233133698123,0.29156652817385986
*CCCCCCCCCCCCSC(=O)S*,0.246707796,0.27547585279371073,0.2279046360700991
*CCCCCCCCCCCNC(=O)CCCCC(=O)N*,0.299843971,0.3401475410957026,0.26975214215991833
*CCCCCCCCCCN1C(=O)C2C3C=CC(C4C(=O)N(*)C(=O)C34)C2C1=O,0.255867446,0.24370557991760208,0.23766370498108325
*CCCCCCCCCCOC(=O)c1ccc(C(=O)NCCNC(=O)c2ccc(C(=O)O*)cc2)cc1,0.259588395,0.2679751896675585,0.24091413724163815
*CCCCCCCCCNC(=O)c1ccc(C(=O)N*)cc1,0.305511131,0.2923976923116351,0.2733528319594454
*CCCCCCCCCSC(=O)S*,0.228700961,0.24394147521703796,0.21613517867882295
*CCCCCCCCCn1c(=O)c2cc3c(=O)n(*)c(=O)c3cc2c1=O,0.291014208,0.2729437129260543,0.2653777292640531
*CCCCCCCCNC(=O)CCCCCCCCC(=O)N*,0.269519554,0.3564003162716347,0.25025694038282453
*CCCCCCCCOC(=O)c1cccc(C(=O)O*)c1,0.236431842,0.24993488356775329,0.2207696465276486
*CCCCCCN(C)C(=O)CCCCC(=O)N(*)C,0.281252179,0.26937854563901903,0.2596967438521963
*CCCCCCN1C(=O)c2ccc(C(c3ccc4c(c3)C(=O)N(*)C4=O)(C(F)(F)F)C(F)(F)F)cc2C1=O,0.16334633,0.17948874084471475,0.15920093676034103
*CCCCCCN1C(=O)c2ccc(Oc3ccc4c(c3)C(=O)N(*)C4=O)cc2C1=O,0.218711009,0.23650589743570682,0.20517602565836673
*CCCCCCNC(=O)CCCCC(=O)N(*)C,0.259093819,0.2844823034291987,0.24070309571781287
*CCCCCCNC(=O)CCCCC(=O)N*,0.307882451,0.30327544628761255,0.2748594750991158
*CCCCCCNC(=O)CCCCCCCCC(=O)N*,0.308756347,0.33095798333068843,0.27541471412766755
*CCCCCCNC(=O)Cc1ccc(C(=O)N*)cc1,0.282521025,0.271499566076849,0.26122170735801375
*CCCCCCNC(=O)N*,0.325494009,0.31268041930843665,0.28399744738189925
*CCCCCCNC(=O)NCc1ccc(CNC(=O)N*)cc1,0.292985918,0.281139202993413,0.266075944458675
*CCCCCCNC(=O)c1ccc(-c2ccc(C(=O)N*)cc2)cc1,0.289397059,0.2793399011895649,0.26480506999683456
*CCCCCCNC(=O)c1ccc(C(=O)N*)cc1,0.293312511,0.27491155796225175,0.2661915964536728
*CCCCCCNC(=O)c1ccc(C(C)(C)c2ccc(C(=O)N*)cc2)cc1,0.257140127,0.26359588310392545,0.24013724228801994
*CCCCCCNC(=O)c1ccc(C2(C)CC(C)(C)c3ccc(C(=O)N*)cc32)cc1,0.232150722,0.24828602849864148,0.21919225876729434
*CCCCCCNC(=O)c1cccc(C(=O)N*)c1,0.261246475,0.26309194550564474,0.24165843754987676
*CCCCCCOC(=O)CCCCCCCC(=O)O*,0.283677138,0.2757991036101802,0.2626111826242014
*CCCCCCOC(=O)CCCCCCCCC(=O)O*,0.281178878,0.28102035119589,0.2596086469910013
*CCCCCCOC(=O)CCCCCNC(=O)CCCCC(=O)NCCCCCC(=O)O*,0.274848798,0.281002943935522,0.25341605060215094
*CCCCCCOC(=O)Nc1ccc(C)c(NC(=O)OCCCCCCOc2ccc(-c3ccc(O*)cc3)cc2)c1,0.272492356,0.28133204139488366,0.2520191808015845
*CCCCCCOC(=O)Nc1ccc(Cc2ccc(NC(=O)O*)cc2)cc1,0.281163344,0.2718333626164323,0.25958997744158435
*CCCCCCOC(=O)Nc1ccc(NC(=O)O*)cc1,0.321009139,0.2723472485495238,0.281752482258473
*CCCCCCOC(=O)O*,0.272889143,0.25976350358193645,0.2522543912491819
*CCCCCCOC(=O)c1ccc(-c2ccc(C(=O)O*)cc2)cc1,0.280572663,0.25943237768447625,0.2588800670438058
*CCCCCCOC(=O)c1ccc(C(=O)O*)cc1,0.254809517,0.24775815173356233,0.2369567430644613
*CCCCCCOC(=O)c1ccc2cc(C(=O)O*)ccc2c1,0.255211674,0.24288284836929053,0.23727457647813274
*CCCCCCS(*)(=O)=O,0.239977769,0.24257642604301954,0.2214005207129245
*CCCCCCS(=O)(=O)c1ccc(/N=N/c2ccc(N(C)CCCCCC(=O)O*)cc2)cc1,0.249228862,0.25449020003618505,0.23107722317503943
*CCCCCNC(=O)O*,0.315674518,0.27073279702854247,0.27908216225104854
*CCCCCOC(=O)c1ccc2cc(C(=O)O*)ccc2c1,0.227057601,0.2329460715430901,0.21262616298895048
*CCCCN(C)C(=O)c1ccc(C(=O)N(*)C)cc1,0.243271486,0.23536788619911414,0.22469655945816663
*CCCCNC(=O)CCCCC(=O)N*,0.292070546,0.28727692311387415,0.2657517960600102
*CCCCNC(=O)CCCCCCC(=O)N*,0.295312596,0.30007413538644845,0.26689985970614666
*CCCCNC(=O)CCCCCCCCC(=O)N*,0.301718016,0.3211788547784664,0.2709428363904244
*CCCCO*,0.280752907,0.268845313854137,0.259096693428838
*CCCCOC(=O)CCC(=O)O*,0.239020305,0.2337264451634701,0.22106356211787662
*CCCCOC(=O)CCCCC(=O)O*,0.259346678,0.24263354871417858,0.24081099369238693
*CCCCOC(=O)NCC(F)(F)C(F)(F)C(F)(F)C(F)(F)CNC(=O)O*,0.192064224,0.1736483922354788,0.18449584786176274
*CCCCOC(=O)NCCCCCCNC(=O)O*,0.309061654,0.2775373298953142,0.27560869414598793
*CCCCOC(=O)c1ccc(C(=O)O*)cc1,0.25637618,0.23334145066128742,0.23785500421132363
*CCCCOC(=O)c1ccc2cc(C(=O)O*)ccc2c1,0.224493248,0.22584408308365345,0.20961240448039378
*CCCCOc1ccc(C(=O)OCCOC(=O)c2ccc(O*)cc2)cc1,0.250970317,0.24757291115595317,0.2334184436930168
*CCCNC(=O)Cc1ccc(C(=O)N*)cc1,0.265458671,0.25552607051282783,0.24616176666933617
*CCCOC(=O)c1ccc(C(=O)O*)cc1,0.241216197,0.22975081431372324,0.22270828168726087
*CCCOC(=O)c1ccc2cc(C(=O)O*)ccc2c1,0.242269675,0.2247494776870484,0.223761286901652
*CCCS(=O)(=O)c1ccc(/N=N/c2ccc(N(CCCC)CC(=O)O*)cc2)cc1,0.225556948,0.23463661867278415,0.2121803623339112
*CCCSS*,0.150655425,0.17361217845665763,0.1534454967864681
*CCO*,0.228362211,0.26569845874582004,0.2153253624290892
*CCOC(=O)C1CCC(C(=O)O*)CC1,0.235244695,0.21895503583220044,0.22059463967589096
*CCOC(=O)CCC(=O)O*,0.237840575,0.22237220989972248,0.22092960577418552
*CCOC(=O)CCCCCCCCC(=O)O*,0.257154282,0.25545305468355217,0.2401385078670355
*CCOC(=O)NCC1(C)CC(NC(=O)O*)CC(C)(C)C1,0.237542815,0.22630263107204435,0.22089579563042597
*CCOC(=O)Nc1ccc(-c2ccc(NC(=O)O*)cc2)cc1,0.321865027,0.2666803920151124,0.2821809091046378
*CCOC(=O)Nc1ccc(NC(=O)O*)cc1,0.296677392,0.25640925545906684,0.2677402228379481
*CCOC(=O)Nc1cccc(NC(=O)O*)c1,0.261495011,0.246983951135768,0.24179211067309053
*CCOC(=O)Nc1cccc2c(NC(=O)O*)cccc12,0.255175643,0.24093552111722802,0.23724777368828198
*CCOC(=O)c1ccc(-c2ccc(C(=O)O*)cc2)cc1,0.256386682,0.24005395923154413,0.2378589532780579
*CCOC(=O)c1ccc(C(=O)O*)c2ccccc12,0.211562934,0.20449326591287237,0.1946742664801316
*CCOC(=O)c1ccc(C(=O)O*)cc1,0.235166491,0.2242790997444007,0.2205591927613329
*CCOC(=O)c1ccc2cc(C(=O)O*)ccc2c1,0.225246348,0.22052332027644994,0.21158452841429087
*CCOC(=O)c1ccc2ccc(C(=O)O*)cc2c1,0.22543537,0.21872029819102234,0.21207951554778318
*CCOC(=O)c1cccc(C(=O)O*)c1,0.200585896,0.21223826293078152,0.1924788614968793
*CCOC(=O)c1cccc2c(C(=O)O*)cccc12,0.212331447,0.20572361904771036,0.19507984709420098
*CCOCC(=O)O*,0.238989416,0.228747869425311,0.22106005472423548
*CCOCCOC(=O)c1ccc(-c2ccc(C(=O)O*)cc2)cc1,0.253846443,0.24219655997651027,0.23597732655033363
*CCOCCOC(=O)c1cccc(C(=O)O*)c1,0.215430956,0.21987847499215177,0.20499447316864053
*CCOc1ccc(C(=O)OCCOC(=O)c2ccc(O*)cc2)cc1,0.247366967,0.23771096344389486,0.22857408253900835
*CCS*,0.22117529,0.2117077207420131,0.20566287797606617
*CCc1cc(C)c(*)cc1C,0.262219285,0.2303569546250428,0.2421816557194522
*CCc1ccc(*)c(C)c1,0.255021494,0.24143516318410124,0.23713310511808672
*CCc1ccc(*)c(Cl)c1,0.178005409,0.1816000296607126,0.17827122209408877
*CS*,0.14812712,0.18025148128214846,0.14558641369116504
*Cc1cc(*)c(O)cc1C,0.226688307,0.21884470815513044,0.2125164564098132
*Cc1cc(C(C)(C)c2ccc3c(c2)CN(C)CO3)cc(CN(*)C)c1O,0.206550984,0.212822441552706,0.1937532383050864
*Cc1ccc(-c2ccc(C(=O)O*)cc2)cc1,0.272842323,0.2412427169704245,0.2522266369297195
*Cc1ccc(COC(=O)O*)cc1,0.250103805,0.2301446800607973,0.2322535007726005
*Cc1ccc2[nH]c(-c3ccc4c(c3)-c3cc(-c5nc6cc(*)ccc6[nH]5)ccc3S4(=O)=O)nc2c1,0.233716186,0.2686538222603704,0.2199018243732952
*Cc1ccc2[nH]c(-c3ccc4sc5ccc(-c6nc7cc(*)ccc7[nH]6)cc5c4c3)nc2c1,0.230983773,0.31307395494197593,0.21866332493403018
*Cc1cccc(CNC(=O)CCCCC(=O)N*)c1,0.254557959,0.2535382243325135,0.2367009163476556
*Cc1cccc(COC(=O)Nc2ccc(Cc3ccc(NC(=O)O*)cc3)cc2)c1,0.252292339,0.2518010764848441,0.23532460157769622
*N=P(*)(OCC(F)(F)F)OCC(F)(F)F,0.138820064,0.12579704135279363,0.1355236367846586
*NC(=O)NCCCCCCNC(=O)NCCCCC(*)C(=O)OC,0.302361161,0.28508568377295834,0.2713514653405717
*NC(=O)NCCCCCCNC(=O)Nc1ccc(Cc2ccc(*)cc2)cc1,0.291631414,0.2917793034389059,0.2655962921396341
*NC(=O)Nc1ccc(Cc2ccc(*)cc2)cc1,0.347852967,0.2775613949994652,0.29067132053801
*NC(=O)c1cccc(C(=O)Nc2ccc(-c3ccc(*)cc3)cc2)c1,0.351335092,0.2784126870714844,0.2923758558670883
*NC(C)C(*)=O,0.252148669,0.24068269371191864,0.23516228507630593
*NC(CCC(=O)OC)C(*)=O,0.256652184,0.24009361597776974,0.24009361597776974
*NC(CCC(=O)OCC)C(*)=O,0.256531849,0.24225291954418282,0.23934471234446733
*NC(CCC(=O)OCCC)C(*)=O,0.251335537,0.24347583211650867,0.23395621395834476
*NC(CCC(=O)OCCCCC)C(*)=O,0.259084812,0.2510291124522746,0.240699252322652
*NC(CCC(=O)OCCCCCC)C(*)=O,0.271224405,0.2615602862599661,0.25126755506222914
*NC(CCC(=O)OCc1ccccc1)C(*)=O,0.218660431,0.21801771293844147,0.2051727518154538
*NC1CC(C)(C)CC(C)(CNC(=O)CCCCC(*)=O)C1,0.236903048,0.2337080865099711,0.22082315117098675
*NC1CCC(CC2CCC(NC(=O)CCCCCCCCCCCCC(*)=O)CC2)CC1,0.31314051,0.3206044160099927,0.2778137286994666
*Nc1ccc(*)cc1,0.383186404,0.2886553679459345,0.3156433541749503
*Nc1ccc(NC(=O)c2cc(C(*)=O)c(C(=O)OCC)cc2C(=O)OCC)cc1,0.301681661,0.2538327306780651,0.27091973785823864
*Nc1cccc(C(O)Cc2ccc(NC(=O)c3ccc(C(*)=O)cc3)cc2)c1,0.295623458,0.2668676980462667,0.26707059476971384
*OC(C)C(*)=O,0.210749746,0.20658080165130865,0.19438301621841958
*OC(C)CC(*)=O,0.215459839,0.2119875753777612,0.20499550584202056
*OC(C)COC(*)=O,0.216197061,0.21474627931233256,0.20502186423742805
*OC(F)(F)C(F)(F)C(*)(F)F,0.112134181,0.10864787733684236,0.11020583188722002
*OC1C(CO)OC(*)C(N)C1O,0.348907876,0.20022774579047156,0.2911562770431893
*OC1C(CO)OC(*)C(O)C1O,0.321583167,0.19524748715696205,0.2820398200943233
*OC1C(COC(C)=O)OC(*)C(OC(C)=O)C1OC(C)=O,0.20138397,0.20294378645071648,0.1926664654008523
*OS(=O)(=O)c1ccc(*)cc1,0.186803621,0.198739395352726,0.1824867796221411
*Oc1c(-c2ccccc2)cc(*)cc1-c1ccccc1,0.184951114,0.20168585329644634,0.1822500201978433
*Oc1c(Br)cc(C(C)(C)c2cc(Br)c(OC(*)=O)c(Br)c2)cc1Br,0.116199931,0.12166286247882648,0.11191082690823212
*Oc1c(C)cc(*)cc1C,0.250026591,0.19800158088786285,0.2321496938978463
*Oc1c(C)cc(C(C)(C)c2cc(C)c(OC(*)=O)c(C)c2)cc1C,0.212399138,0.20814952424435748,0.1951155708325723
*Oc1c(C)cc(C(C)(C)c2cc(C)c(ON3C(=O)c4ccc(Oc5ccc(C6(c7ccc(Oc8ccc9c(c8)C(=O)N(*)C9=O)cc7)CCC(C(C)(C)C)CC6)cc5)cc4C3=O)c(C)c2)cc1C,0.22463605,0.2268285152069101,0.20998635646818872
*Oc1c(Cl)cc(C(C)(C)c2cc(Cl)c(OC(*)=O)c(Cl)c2)cc1Cl,0.135267254,0.13407763327557368,0.13407763327557368
*Oc1c(OC)cc(*)cc1OC,0.240386045,0.22490112816736946,0.2218316539072306
*Oc1cc(C(C)(C)C)c(Oc2ccc(C(=O)Nc3c(C)cc(C(C)(C)c4cc(C)c(NC(=O)c5ccc(*)cc5)c(C)c4)cc3C)cc2)cc1C(C)(C)C,0.26981997,0.2488578758486914,0.25043502328832656
*Oc1cc(C(C)(C)C)c(Oc2ccc(C(=O)Nc3c(C)cc(Cc4cc(C)c(NC(=O)c5ccc(*)cc5)c(C(C)C)c4)cc3C(C)C)cc2)cc1C(C)(C)C,0.244338127,0.24528292861426318,0.2256923561253556
*Oc1cc(C(C)(C)C)c(Oc2ccc(C(=O)Nc3ccc(C(C)(C)c4ccc(NC(=O)c5ccc(*)cc5)c(C)c4)cc3C)cc2)cc1C(C)(C)C,0.270258521,0.2619867602132823,0.25069499092084546
*Oc1cc(C(C)(C)C)c(Oc2ccc(C(=O)Nc3ccc(C(C)(C)c4ccc(NC(=O)c5ccc(*)cc5)cc4)cc3)cc2)cc1C(C)(C)C,0.283670086,0.26467891764776946,0.2626027071727731
*Oc1cc(C(C)(C)C)c(Oc2ccc(C(=O)Nc3ccc(C(c4ccc(NC(=O)c5ccc(*)cc5)cc4)(C(F)(F)F)C(F)(F)F)cc3)cc2)cc1C(C)(C)C,0.215611584,0.21149098408861147,0.20500093128335453
*Oc1cc(C)c(*)c(C)c1Br,0.179808547,0.1537984593399318,0.1789599815476919
*Oc1ccc(-c2ccc(OC(=O)CCCCCC(*)=O)cc2)cc1,0.265574997,0.25765409769963177,0.24640004737237328
*Oc1ccc(-c2ccc(OC(=O)CCCCCCC(*)=O)cc2)cc1,0.283829933,0.26599632190593936,0.262794819408233
*Oc1ccc(-c2ccc(OC(=O)CCCCCCCC(*)=O)cc2)cc1,0.286484859,0.2701141849129455,0.2644489874998426
*Oc1ccc(-c2ccc(OC(=O)CCCCCCCCC(*)=O)cc2)cc1,0.290122557,0.27375615869905123,0.26506198086469435
*Oc1ccc(-c2ccc(OC(=O)CCCCCCCCCC(*)=O)cc2)cc1,0.275167556,0.27631744785824147,0.25360500641939104
*Oc1ccc(-c2ccc(OC(=O)CCCCCCCCCCC(*)=O)cc2)cc1,0.274021583,0.2808818646403958,0.2529256877364086
*Oc1ccc(-c2ccc(OC(=O)CCCCCCCCCCCC(*)=O)cc2)cc1,0.299849025,0.2933308333873495,0.2697553532720533
*Oc1ccc(-c2ccc(OC(=O)CCCCCCCCCCCCC(*)=O)cc2)cc1,0.279614546,0.2994069954350376,0.2577285534170116
*Oc1ccc(C(=C(Cl)Cl)c2ccc(OC(*)=O)cc2)cc1,0.199949495,0.19000955429768748,0.19232926219644805
*Oc1ccc(C(=O)CCCCCCCCC(=O)c2ccc(OC(*)=O)cc2)cc1,0.270982629,0.2701293964652457,0.25112423322663896
*Oc1ccc(C(=O)Nc2cccc(C(O)Cc3ccc(NC(=O)c4ccc(*)cc4)cc3)c2)cc1,0.286060508,0.2754412856800019,0.2644179492287719
*Oc1ccc(C(=O)c2ccc(*)cc2)cc1,0.276789879,0.25572205819884675,0.2545666995166387
*Oc1ccc(C(C#N)(c2ccccc2)c2ccc(OC(*)=O)cc2)cc1,0.214219488,0.21404031253337014,0.19816635440684385
*Oc1ccc(C(C)(C)c2ccc(C(C)(C)c3ccc(OC(*)=O)c(C)c3)cc2)cc1C,0.234165789,0.22490970287476802,0.2201056124036522
*Oc1ccc(C(C)(C)c2ccc(OC(*)=O)c(C(C)C)c2)cc1C(C)C,0.230822589,0.22175220760060504,0.21859026632480144
*Oc1ccc(C(C)(C)c2ccc(OC(*)=O)c(C)c2)cc1C,0.235991215,0.2210524764389296,0.22071961407797658
*Oc1ccc(C(C)(C)c2ccc(OC(*)=O)c(CC)c2)cc1CC,0.235507852,0.22505956947059608,0.22066472902787565
*Oc1ccc(C(C)(C)c2ccc(OC(*)=O)cc2)cc1,0.239631003,0.23061894198571775,0.22113290584159262
*Oc1ccc(C(C)(C)c2ccc(OC(=O)CCCCC(*)=O)cc2)cc1,0.248641039,0.2365183410464966,0.2302869510930511
*Oc1ccc(C(C)(C)c2ccc(OC(=O)SCCCCCCSC(*)=O)cc2)cc1,0.197531069,0.21525753118833563,0.19100543247862262
*Oc1ccc(C(C)(C)c2ccc(OC(=O)SCCCSC(*)=O)cc2)cc1,0.187002547,0.2039300257058167,0.18251220333456858
*Oc1ccc(C(C)(C)c2ccc(OC(=O)Sc3ccc(C(C)(C)c4ccc(SC(*)=O)cc4)cc3)cc2)cc1,0.182529356,0.20873084727849361,0.18128643529295732
*Oc1ccc(C(C)(C)c2ccc(OC(=O)c3ccc(C(*)=O)cc3)cc2)cc1,0.27751155,0.24164985502951702,0.25520106611525856
*Oc1ccc(C(C)(C)c2ccc(OC(=O)c3ccc(C(=O)c4ccc(C(*)=O)cc4)cc3)cc2)cc1,0.257727428,0.24589860511217485,0.24018975205993232
*Oc1ccc(C(C)(C)c2ccc(OC(=O)c3cccc(C(*)=O)c3)cc2)cc1,0.244415588,0.23078871204932255,0.22576467230824857
*Oc1ccc(C(C)(C)c2ccc(OC(=O)c3ccccc3/C=C/c3ccc(/C=C/c4ccccc4C(*)=O)cc3)c(C)c2)cc1C,0.219509175,0.2163930853497629,0.2052276898226761
*Oc1ccc(C(C)(C)c2ccc(OC(=O)c3ccccc3/C=C/c3ccc(/C=C/c4ccccc4C(*)=O)cc3)cc2)cc1,0.217293555,0.22299173630331212,0.20508427585148825
*Oc1ccc(C(C)(CCC#N)c2ccc(OC(*)=O)c(C)c2)cc1C,0.219626724,0.2161566837366199,0.20523529860437115
*Oc1ccc(C(C)(CCC#N)c2ccc(OC(*)=O)cc2)cc1,0.239792442,0.2247503291565401,0.2212048182432687
*Oc1ccc(C(C)(CCC)c2ccc(OC(*)=O)cc2)cc1,0.244337041,0.22985831597373335,0.2256913422554776
*Oc1ccc(C(C)(c2ccccc2)c2ccc(OC(*)=O)cc2)cc1,0.234250441,0.22160762496313785,0.22014398195266718
*Oc1ccc(C(C)(c2ccccc2)c2ccc(OC(=O)c3cccc(C(*)=O)c3)cc2)cc1,0.225378547,0.21964301863228486,0.21193071459399776
*Oc1ccc(C(CCC)(CCC)c2ccc(OC(*)=O)c(C)c2)cc1C,0.239908747,0.22492993940960676,0.22132763453950893
*Oc1ccc(C(CCC)(CCC)c2ccc(OC(*)=O)cc2)cc1,0.229886318,0.22753689239279762,0.2181658901018439
*Oc1ccc(C(CCCC)(CCCC)c2ccc(OC(*)=O)cc2)cc1,0.236778552,0.23617284920206305,0.22080901486101398
*Oc1ccc(C(c2ccc(OC(*)=O)cc2)(C(F)(F)F)C(F)(F)F)cc1,0.16903023,0.16474982509126773,0.17029123418256242
*Oc1ccc(C(c2ccc(Oc3ccc(C(=O)c4cccc(C(=O)c5ccc(*)cc5)c4)cc3)cc2)(C(F)(F)F)C(F)(F)F)cc1,0.179786563,0.18830130341455711,0.1789411839183339
*Oc1ccc(C(c2ccccc2)(c2ccccc2)c2ccc(OC(*)=O)cc2)cc1,0.211523164,0.2144834252078916,0.1946532779724271
*Oc1ccc(C(c2ccccc2)(c2ccccc2)c2ccc(OC(=O)c3cccc(C(*)=O)c3)cc2)cc1,0.211413189,0.21494954431171837,0.19459523896979175
*Oc1ccc(C2(c3ccc(OC(*)=O)c(C)c3)CCCCC2)cc1C,0.233405574,0.21587995474356197,0.2197610357048805
*Oc1ccc(C2(c3ccc(OC(*)=O)cc3)CCCC2)cc1,0.233473598,0.22418169246570213,0.219791868410572
*Oc1ccc(C2(c3ccc(OC(*)=O)cc3)CCCCC2)cc1,0.218561417,0.21838186431997203,0.20516634277827994
*Oc1ccc(C2(c3ccc(OC(*)=O)cc3)c3ccccc3-c3ccccc32)cc1,0.207936405,0.21486644929478022,0.19396103944896356
*Oc1ccc(C2(c3ccc(OC(=O)c4cccc(C(*)=O)c4)cc3)c3ccccc3-c3ccccc32)cc1,0.216708127,0.21280038107188354,0.2050463819191693
*Oc1ccc(NC(=O)c2cc(C(c3ccc(C(=O)O)c(C(=O)Nc4ccc(Oc5ccc(C(c6ccc(*)cc6)(C(F)(F)F)C(F)(F)F)cc5)cc4)c3)(C(F)(F)F)C(F)(F)F)ccc2C(=O)O)cc1,0.189394728,0.18571343224374257,0.18281793572660604
*Oc1ccc(NC(=O)c2ccc(C(c3ccc(C(=O)O)c(C(=O)Nc4cc(*)ccc4N)c3)(C(F)(F)F)C(F)(F)F)cc2C(=O)O)c(N)c1,0.228404459,0.19097532740228035,0.21542636056021466
*Oc1ccc(NC(=O)c2cccc(C(=O)Nc3ccc(*)cc3)c2)cc1,0.300233168,0.27677695188267515,0.26999942257337173
*Oc1ccc(OC(=O)Oc2ccc(-c3ccc(OC(*)=O)cc3)cc2)cc1,0.329371007,0.262582030268766,0.2859381335765033
*Oc1ccc(OC(=O)c2cc(OCCCCCCCCCCCC)c(C(*)=O)cc2OCCCCCCCCCCCC)cc1,0.305736886,0.2984397277480169,0.27349626777662583
*Oc1ccc(OC(=O)c2ccc(-c3ccc(C(*)=O)cc3)cc2)cc1C,0.362079429,0.2540191084413228,0.29916844808853454
*Oc1ccc(OC(=O)c2ccccc2/C=C/c2ccc(/C=C/c3ccccc3C(*)=O)cc2)cc1,0.235313014,0.23100159856437544,0.22062560609392187
*Oc1ccc(Oc2ccc(C(=O)c3ccc(*)cc3)cc2)cc1,0.28329363,0.26174867380311295,0.2621502632500701
*Oc1ccc(Oc2ccc(C(=O)c3ccc(C(=O)c4ccc(*)cc4)c4ccccc34)cc2)cc1,0.231751558,0.23803888128421877,0.2190113328274109
*Oc1ccc(Oc2ccc(Oc3ccc(S(=O)(=O)c4ccc(*)cc4)cc3)cc2)cc1,0.229938844,0.23806237262735258,0.2181896981504613
*Oc1ccc(S(=O)(=O)c2ccc(*)cc2)cc1,0.203838738,0.2411353483500702,0.19324350971021217
*Oc1ccc(S(=O)(=O)c2ccc(OC(*)=O)cc2)cc1,0.224611569,0.22061048125005456,0.20992224869229478
*Oc1ccc(S(=O)(=O)c2ccc(OC(=O)c3ccc(C(*)=O)cc3)cc2)cc1,0.251101033,0.23249944243060897,0.2336083878963445
*Oc1ccc(S(=O)(=O)c2ccc(OC(=O)c3ccccc3/C=C/c3ccc(/C=C/c4ccccc4C(*)=O)cc3)cc2)cc1,0.201310165,0.22004963968836674,0.19264911599950266
*Oc1ccc(S(=O)(=O)c2ccc(Oc3c(C)cc(C(C)(C)c4cc(C)c(*)c(C)c4)cc3C)cc2)cc1,0.207453817,0.2040705739157665,0.19388865543109363
*Oc1ccc(S(=O)(=O)c2ccc(Oc3c(C)cc(C(C)(C)c4cc(C)c(*)c(C)c4)cc3C)cc2C(O)(C(F)(F)F)C(F)(F)F)c(C(O)(C(F)(F)F)C(F)(F)F)c1,0.152623848,0.14346854277791232,0.15412433877651946
*Oc1ccc(S(=O)(=O)c2ccc(Oc3c(C)cc(C(c4cc(C)c(*)c(C)c4)(C(F)(F)F)C(F)(F)F)cc3C)cc2)cc1,0.154355563,0.1561444284142602,0.15472154824663933
*Oc1ccc(S(=O)(=O)c2ccc(Oc3ccc(-c4ccc(*)cc4)cc3)cc2)cc1,0.234731231,0.24366879561305765,0.22036190587024634
*Oc1ccc(S(=O)(=O)c2ccc(Oc3ccc(C(=O)c4cc(Br)cc(C(=O)c5ccc(*)cc5)c4)cc3)cc2)cc1,0.179353601,0.19650667723954188,0.1786923760250675
*Oc1ccc(S(=O)(=O)c2ccc(Oc3ccc(C(=O)c4cc(C(=O)c5ccc(*)cc5)cc(C(C)(C)C)c4)cc3)cc2)cc1,0.21459288,0.22964158872215096,0.20002689068116458
*Oc1ccc(S(=O)(=O)c2ccc(Oc3ccc(C(=O)c4cc(I)cc(C(=O)c5ccc(*)cc5)c4)cc3)cc2)cc1,0.179849923,0.21464045939361162,0.17899536049202944
*Oc1ccc(S(=O)(=O)c2ccc(Oc3ccc(C(=O)c4cccc(C(=O)c5ccc(*)cc5)c4)cc3)cc2)cc1,0.213575422,0.23047924502036965,0.1957363514661334
*Oc1ccc(S(=O)(=O)c2ccc(Oc3ccc(C(C)(C)c4ccc(*)c(C(O)(C(F)(F)F)C(F)(F)F)c4)cc3C(O)(C(F)(F)F)C(F)(F)F)cc2)cc1,0.165410873,0.14710338336002485,0.16232304195125433
*Oc1ccc(S(=O)(=O)c2ccc(Oc3ccc(C(C)(C)c4ccc(*)c(C(OC)(C(F)(F)F)C(F)(F)F)c4)cc3C(OC)(C(F)(F)F)C(F)(F)F)cc2)cc1,0.13816211,0.14096679215585695,0.13527533260341473
*Oc1ccc(S(=O)(=O)c2ccc(Oc3ccc(C(C)(C)c4ccc(*)cc4)cc3)c([N+](=O)[O-])c2)cc1[N+](=O)[O-],0.200486029,0.1943328156477408,0.19245538568000256
*Oc1ccc(S(=O)(=O)c2ccc(Oc3ccc(C(C)(C)c4ccc(*)cc4)cc3)cc2)cc1,0.210272564,0.21506432881033588,0.194311443053701
*Oc1ccc(S(=O)(=O)c2ccc(Oc3ccc(C(C)(C)c4ccc(*)cc4)cc3[N+](=O)[O-])cc2)cc1,0.20299693,0.2041098253903218,0.19304562521930566
*Oc1ccc(S(=O)(=O)c2ccc(Oc3ccc(C(c4ccc(*)cc4)(C(F)(F)F)C(F)(F)F)cc3)cc2)cc1,0.162123893,0.16639272972199998,0.15760197684786273
*Oc1ccc(S(=O)(=O)c2ccc(Oc3ccc(Cc4ccc(*)cc4)cc3)cc2)cc1,0.211169803,0.23391598013027146,0.19446679268022232
*Oc1ccc(SC(=O)Oc2ccc(C(C)(C)c3ccc(OC(=O)Sc4ccc(*)cc4)cc3)cc2)cc1,0.202245531,0.21115523960835894,0.192868993245527
*Oc1ccc(SC(=O)Sc2ccc(*)cc2)cc1,0.187987361,0.2088737775904546,0.18263806736405963
*Oc1ccc(Sc2ccc(OC(*)=O)cc2)cc1,0.215699363,0.21035132746952961,0.2050040697051467
*Oc1ccc2[nH]c(-c3ccc4c(c3)-c3cc(-c5nc6cc(*)ccc6[nH]5)ccc3S4(=O)=O)nc2c1,0.242108846,0.2769120242378484,0.22361113986793837
*Oc1ccc2[nH]c(-c3ccc4sc5ccc(-c6nc7cc(*)ccc7[nH]6)cc5c4c3)nc2c1,0.241468326,0.3159387822025412,0.22297452604438012
*Oc1ccc2c(c1)C1(CC2(C)C)CC(C)(C)c2ccc(OC(*)=O)cc21,0.198892107,0.20518859265451517,0.19208070113968612
*Oc1ccc2c(c1)C1(CC2(C)C)CC(C)(C)c2ccc(OC(=O)c3ccc(C(*)=O)cc3)cc21,0.202420703,0.21135666265571085,0.19291017106997282
*Oc1ccc2c(c1)C1(CC2(C)C)CC(C)(C)c2ccc(OC(=O)c3cccc(C(*)=O)c3)cc21,0.197787592,0.2016708048985429,0.1913223868259455
*Oc1ccc2c(c1)nc1c3cc4c(=O)n5c6cc(*)ccc6nc5c4cc3c(=O)n21,0.289671931,0.2743437360144352,0.2649024067283905
*Oc1ccc2c(c1)nc1n2C(=O)c2ccc(-c3ccc4c(c3)C(=O)n3c-4nc4ccc(*)cc43)cc2-1,0.269836747,0.27658895776992704,0.25044496848733594
*Oc1ccc2ccc(OC(=O)Oc3ccc(OC(*)=O)cc3)cc2c1,0.263470354,0.24750078654709956,0.24285453329286583
*Oc1ccc2ccc(OC(=O)c3ccccc3/C=C/c3ccc(/C=C/c4ccccc4C(*)=O)cc3)cc2c1,0.227296374,0.22618042155954818,0.21277737092453577
*Oc1cccc(CCCCCCCCCCc2cccc(OC(*)=O)c2)c1,0.235809342,0.28757292647186294,0.22069896270681866
*Oc1cccc(OC(=O)c2ccccc2/C=C/c2ccc(/C=C/c3ccccc3C(*)=O)cc2)c1,0.198989787,0.2234955704911744,0.19210366285669492
*Oc1cccc(Oc2cccc(*)c2)c1C#N,0.192496388,0.20557259764952343,0.1850018293001998
*Oc1cccc(S(=O)(=O)c2ccc(*)cc2)c1,0.169806655,0.2231798670066218,0.17137108275090204
*Oc1cccc2c(OC(=O)Oc3ccc(OC(*)=O)cc3)cccc12,0.241562638,0.23153851512194393,0.22307411806992508
*Oc1cccc2c(OC(=O)c3ccccc3/C=C/c3ccc(/C=C/c4ccccc4C(*)=O)cc3)cccc12,0.220093628,0.2169892736226762,0.20526552064461429
*Oc1cccc2ccc(OC(=O)c3ccccc3/C=C/c3ccc(/C=C/c4ccccc4C(*)=O)cc3)cc12,0.204757868,0.220618246089652,0.1934595703465175
*Oc1ccccc1OC(=O)c1ccccc1/C=C/c1ccc(/C=C/c2ccccc2C(*)=O)cc1,0.222108797,0.21442778871744003,0.2060473988810026
*Sc1ccc(*)cc1,0.165856187,0.2007464422261591,0.16336999405895652
*Sc1ccc(Cc2ccc(SC(*)=O)cc2)cc1,0.180050455,0.2027091390730218,0.17916682729563294
*c1c(C)cc(C(c2cc(C)c(N3C(=O)c4ccc(-c5ccc6c(c5)C(=O)N(*)C6=O)cc4C3=O)c(C)c2)c2cccc3ccccc23)cc1C,0.236427007,0.22508104107614457,0.2207690975215864
*c1cc(Br)c(OC(=O)c2ccc(C(=O)Oc3c(Br)cc(C4(*)OC(=O)c5ccccc54)cc3Br)cc2)c(Br)c1,0.155531081,0.1533793276214927,0.15507370601584963
*c1cc(C(c2ccc(O)c(-n3c(=O)c4cc5c(=O)n(*)c(=O)c5cc4c3=O)c2)(C(F)(F)F)C(F)(F)F)ccc1O,0.188839787,0.16994369701568945,0.18274701156185025
*c1cc(C(c2ccc(O)c(N3C(=O)c4ccc(-c5ccc6c(c5)C(=O)N(*)C6=O)cc4C3=O)c2)(C(F)(F)F)C(F)(F)F)ccc1O,0.203289189,0.18081059412389905,0.19311432678002718
*c1cc(C(c2ccc(O)c(N3C(=O)c4ccc(Oc5ccc6c(c5)C(=O)N(*)C6=O)cc4C3=O)c2)(C(F)(F)F)C(F)(F)F)ccc1O,0.190410767,0.17764770360637744,0.1829477904632975
*c1cc(CCCC)c(*)s1,0.320117807,0.29490766417146597,0.28130631341670187
*c1ccc(-c2ccc(-n3c(=O)c4cc5c(=O)n(*)c(=O)c5cc4c3=O)cc2C(F)(F)F)c(C(F)(F)F)c1,0.382911128,0.18577431457452848,0.31540638574173396
*c1ccc(-c2ccc(-n3c(=O)c4cc5c(=O)n(*)c(=O)c5cc4c3=O)cc2OC(F)(F)F)c(OC(F)(F)F)c1,0.342393297,0.18294362317290466,0.2881614334457277
*c1ccc(-c2ccc(N3C(=O)c4cc5c(cc4C3=O)C(C(F)(F)F)(C(F)(F)F)c3cc4c(cc3O5)C(=O)N(*)C4=O)cc2C(F)(F)F)c(C(F)(F)F)c1,0.334859311,0.15827507415547737,0.28700920590593554
*c1ccc(-c2ccc(N3C(=O)c4cc5c(cc4C3=O)C(C(F)(F)F)(C(F)(F)F)c3cc4c(cc3O5)C(=O)N(*)C4=O)cc2OC(F)(F)F)c(OC(F)(F)F)c1,0.314708286,0.15829080174623938,0.2785985011547094
*c1ccc(-c2ccc(N3C(=O)c4ccc(-c5ccc6c(c5)C(=O)N(*)C6=O)cc4C3=O)c(OC)c2)cc1OC,0.401240453,0.2576240338356114,0.3277112309213275
*c1ccc(-c2ccc(N3C(=O)c4ccc(-c5ccc6c(c5)C(=O)N(*)C6=O)cc4C3=O)cc2C(F)(F)F)c(C(F)(F)F)c1,0.281094364,0.19448031406064786,0.25950707377744286
*c1ccc(-c2ccc(N3C(=O)c4ccc(-c5cccc6c5C(=O)N(*)C6=O)cc4C3=O)c(C)c2)cc1C,0.252551567,0.23939455838938598,0.23540053884880519
*c1ccc(-c2ccc(N3C(=O)c4ccc(-c5cccc6c5C(=O)N(*)C6=O)cc4C3=O)cc2C(F)(F)F)c(C(F)(F)F)c1,0.181127226,0.18120006481594972,0.180087530632671
*c1ccc(-c2ccc(N3C(=O)c4ccc(-c5cccc6c5C(=O)N(*)C6=O)cc4C3=O)cc2C)c(C)c1,0.246966336,0.23520244821140013,0.22814600431896168
*c1ccc(-c2ccc(N3C(=O)c4ccc(Oc5ccc6c(c5)C(=O)N(*)C6=O)cc4C3=O)cc2)cc1,0.314812658,0.26024451189221437,0.27865074603580126
*c1ccc(-c2ccc(Oc3ccc(C4(C)CC(C)(C)c5ccc(Oc6ccc(-c7ccc(N8C(=O)c9ccc(Oc%10ccc%11c(c%10)C(=O)N(*)C%11=O)cc9C8=O)cc7)cc6C(F)(F)F)cc54)cc3)c(C(F)(F)F)c2)cc1,0.236371549,0.20263854941577203,0.22076280035960155
*c1ccc(-c2nc3cc(-c4ccc5nc(*)c(-c6ccc7ccccc7c6)nc5c4)ccc3nc2-c2ccc3ccccc3c2)cc1,0.274147926,0.3080107595532221,0.25300058231103123
*c1ccc(-c2nc3cc(-c4ccc5nc(*)c(-c6ccccc6)nc5c4)ccc3nc2-c2ccccc2)cc1,0.300076156,0.30615977905408304,0.26989966334532745
*c1ccc(-c2nc3cc(-c4ccc5nc(-c6ccccc6)c(*)nc5c4)ccc3nc2-c2ccccc2)cc1,0.25797031,0.30018997788036955,0.24022368092333965
*c1ccc(-c2sc(-c3ccc(-n4c(=O)c5cc6c(=O)n(*)c(=O)c6cc5c4=O)cc3)c(-c3ccccc3)c2-c2ccccc2)cc1,0.352891485,0.27496153691684944,0.2933598107621473
*c1ccc(C(=O)Oc2ccc(N3C(=O)c4ccc(-c5ccc6c(c5)C(=O)N(*)C6=O)cc4C3=O)cc2)cc1,0.370940579,0.25629271186052194,0.3051016652384225
*c1ccc(C(C)(C)c2ccc(C(C)(C)c3ccc(N4C(=O)c5ccc(Oc6ccc7c(c6)C(=O)N(*)C7=O)cc5C4=O)cc3)cc2)cc1,0.25056238,0.2405258499525772,0.23287001121876844
*c1ccc(C(C)(C)c2ccc(N3C(=O)c4ccc(Oc5ccc6c(c5)C(=O)N(*)C6=O)cc4C3=O)cc2)cc1,0.27785637,0.24144778827054536,0.2556154882879068
*c1ccc(C(Cl)(Cl)C(*)Cl)cc1,0.119776758,0.12618947263107705,0.12213093261569932
*c1ccc(C(c2ccc(-c3nc4cc(-c5ccc6nc(*)[nH]c6c5)ccc4[nH]3)cc2)(C(F)(F)F)C(F)(F)F)cc1,0.239875739,0.2352672091157333,0.2212927785977498
*c1ccc(C(c2ccc(-c3nc4ccc(-c5ccc6nc(*)[nH]c6c5)cc4[nH]3)cc2)(C(F)(F)F)C(F)(F)F)cc1,0.248861231,0.23629460391890422,0.230582978281979
*c1ccc(C(c2ccc(N3C(=O)c4cc5c(cc4C3=O)C(C(F)(F)F)(C(F)(F)F)c3cc4c(cc3O5)C(=O)N(*)C4=O)cc2)(C(F)(F)F)C(F)(F)F)cc1,0.206835687,0.15799861416041594,0.19379594128783695
*c1ccc(C(c2ccccc2)(c2ccc(-n3c(=O)c4cc5c(=O)n(*)c(=O)c5cc4c3=O)cc2)C(F)(F)F)cc1,0.242359788,0.20093388054258654,0.22384541476198216
*c1ccc(C)c(N2C(=O)c3ccc(-c4ccc5c(c4)C(=O)N(*)C5=O)cc3C2=O)c1,0.275354427,0.2518426854099908,0.2537157812470769
*c1ccc(Cc2ccc(-n3c(=O)c4cc5c(=O)n(*)c(=O)c5cc4c3=O)c(C)c2)cc1C,0.315176584,0.2521260176640392,0.2788329143433571
*c1ccc(Cc2ccc(N(*)Cc3ccccc3)cc2)cc1,0.238998014,0.2305703613589541,0.22106103101257524
*c1ccc(Cc2ccc(N3C(=O)C4CCC5C(=O)N(*)C(=O)C5C4C3=O)c(C)c2)cc1C,0.238258763,0.22362889755804577,0.2209770903134068
*c1ccc(Cc2ccc(N3C(=O)c4ccc(-c5ccc6c(c5)C(=O)N(*)C6=O)cc4C3=O)c(C)c2)cc1C,0.279064652,0.25116721271504394,0.2570676629054224
*c1ccc(Cc2ccc(N3C(=O)c4ccc(-c5ccc6c(c5)C(=O)N(*)C6=O)cc4C3=O)cc2)cc1,0.310513378,0.26379763081170327,0.276498680612312
*c1ccc(Cc2ccc(N3C(=O)c4ccc(Oc5ccc(C6(c7ccc(Oc8ccc9c(c8)C(=O)N(*)C9=O)cc7)CCCCCCCCCCC6)cc5)cc4C3=O)cc2)cc1,0.234616466,0.24600198282775948,0.22030988723757725
*c1ccc(Cc2ccc(N3C(=O)c4ccc(Oc5ccc6c(c5)C(=O)N(*)C6=O)cc4C3=O)cc2)cc1,0.279008786,0.2514257513008022,0.2570005203119035
*c1ccc(N2C(=O)c3ccc(-c4ccc5c(c4)C(=O)N(*)C5=O)cc3C2=O)c(C)c1,0.374689314,0.2533087725227378,0.30832872411567047
*c1ccc(N2C(=O)c3ccc(-c4cccc5c4C(=O)N(*)C5=O)cc3C2=O)cc1,0.249325732,0.2343058204903979,0.23120745567118572
*c1ccc(N2C(=O)c3ccc(C(=O)c4ccc5c(c4)C(=O)N(*)C5=O)cc3C2=O)cc1,0.31707915,0.2520068469971194,0.2797852706691852
*c1ccc(N2C(=O)c3ccc(C(c4ccc5c(c4)C(=O)N(*)C5=O)(C(F)(F)F)C(F)(F)F)cc3C2=O)cc1,0.195860266,0.17688117443148776,0.18894102392901857
*c1ccc(N2C(=O)c3ccc(Oc4ccc(C(C)(C)c5cccc(Oc6ccc7c(c6)C(=O)N(*)C7=O)c5)cc4)cc3C2=O)cc1,0.254037201,0.23863083745941696,0.23617132154490517
*c1ccc(N2C(=O)c3ccc(Oc4ccc5c(c4)C(=O)N(*)C5=O)cc3C2=O)cc1,0.341065511,0.25042458103442516,0.28788225086769764
*c1ccc(NC(=O)CCCCC(=O)Nc2ccc(S(*)(=O)=O)cc2)cc1,0.241731039,0.25279656324812777,0.22325194694317346
*c1ccc(OC(=O)c2ccccc2/C=C/c2ccc(/C=C/c3ccccc3C(=O)Oc3ccc(C4(*)OC(=O)c5ccccc54)cc3)cc2)cc1,0.217641609,0.21882161574608683,0.20510680489813335
*c1ccc(Oc2c(C)cc(-c3cc(C)c(Oc4ccc(N5C(=O)c6ccc(Oc7ccccc7Oc7ccc8c(c7)C(=O)N(*)C8=O)cc6C5=O)cc4C(F)(F)F)c(C)c3)cc2C)c(C(F)(F)F)c1,0.215085171,0.1946638622571379,0.2024798764522084
*c1ccc(Oc2c(C)cc(C(C)(C)c3cc(C)c(Oc4ccc(N5C(=O)c6ccc(Oc7ccc(C8(c9ccc(Oc%10ccc%11c(c%10)C(=O)N(*)C%11=O)cc9)CCC(c9ccccc9)CC8)cc7)cc6C5=O)cc4)c(C)c3)cc2C)cc1,0.242419906,0.23765251069776247,0.22390153983502742
*c1ccc(Oc2c(C)cc(C(c3cc(C)c(Oc4ccc(-n5c(=O)c6cc7c(=O)n(*)c(=O)c7cc6c5=O)cc4)c(C)c3)c3cccc4ccccc34)cc2C)cc1,0.245595378,0.23603399575768091,0.22686610282702943
*c1ccc(Oc2c(C)cc(C(c3cc(C)c(Oc4ccc(N5C(=O)c6ccc(-c7ccc8c(c7)C(=O)N(*)C8=O)cc6C5=O)cc4)c(C)c3)c3cccc4ccccc34)cc2C)cc1,0.261279179,0.24091472403479675,0.2416760271377899
*c1ccc(Oc2c(C)cc(Cc3cc(C)c(Oc4ccc(-n5c(=O)c6cc7c(=O)n(*)c(=O)c7cc6c5=O)cc4)c(C)c3)cc2C)cc1,0.252482603,0.24225678334131606,0.23538033679515066
*c1ccc(Oc2c(C)cc(Cc3cc(C)c(Oc4ccc(N5C(=O)c6ccc(-c7ccc8c(c7)C(=O)N(*)C8=O)cc6C5=O)cc4)c(C)c3)cc2C)cc1,0.256003141,0.24374768532818594,0.23771473036772434
*c1ccc(Oc2cc(C(C)(C)C)ccc2Oc2ccc(-n3c(=O)c4cc5c(=O)n(*)c(=O)c5cc4c3=O)cc2)cc1,0.278141719,0.24820757442616326,0.2559584351951134
*c1ccc(Oc2cc(C(C)(C)C)ccc2Oc2ccc(N3C(=O)c4ccc(-c5ccc6c(c5)C(=O)N(*)C6=O)cc4C3=O)cc2)cc1,0.288457547,0.24934639551094925,0.2645932756596017
*c1ccc(Oc2cc3ccccc3cc2Oc2ccc(N3C(=O)c4ccc(-c5ccc6c(c5)C(=O)N(*)C6=O)cc4C3=O)cc2)cc1,0.254618417,0.242172272556257,0.23676240026645223
*c1ccc(Oc2cc3ccccc3cc2Oc2ccc(N3C(=O)c4ccc(Oc5ccc6c(c5)C(=O)N(*)C6=O)cc4C3=O)cc2)cc1,0.23259708,0.2335811866089901,0.2193945759619174
*c1ccc(Oc2cc3ccccc3cc2Oc2ccc(N3C(=O)c4ccc(S(=O)(=O)c5ccc6c(c5)C(=O)N(*)C6=O)cc4C3=O)cc2)cc1,0.204011822,0.22137743081475741,0.19328419670680055
*c1ccc(Oc2ccc(-c3ccc(Oc4ccc(N5C(=O)c6ccc(-c7ccc8c(c7)C(=O)N(*)C8=O)cc6C5=O)cc4)cc3)cc2)cc1,0.339042351,0.2670444833934859,0.2875976468193527
*c1ccc(Oc2ccc(-c3ccc(Oc4ccc(N5C(=O)c6ccc(Oc7ccc(C8(c9ccc(Oc%10ccc%11c(c%10)C(=O)N(*)C%11=O)cc9)CCC(c9ccccc9)CC8)cc7)cc6C5=O)cc4)cc3C)c(C)c2)cc1,0.262426433,0.25092191579489104,0.24229306863398967
*c1ccc(Oc2ccc(-c3ccc(Oc4ccc(N5C(=O)c6ccc(Oc7ccc(C8(c9ccc(Oc%10ccc%11c(c%10)C(=O)N(*)C%11=O)cc9)CCCCCCCCCCC8)cc7)cc6C5=O)cc4)cc3C)c(C)c2)cc1,0.271126559,0.2578424811384229,0.25120955315829674
*c1ccc(Oc2ccc(-c3ccc(Oc4ccc(N5C(=O)c6ccc(Oc7cccc(Oc8ccc9c(c8)C(=O)N(*)C9=O)c7)cc6C5=O)cc4)cc3)cc2)cc1,0.28734094,0.26377078493786804,0.2645116037635877
*c1ccc(Oc2ccc(C(=O)c3ccc(Oc4ccc(C5(*)OC(=O)c6ccccc65)cc4)cc3)cc2)cc1,0.249754092,0.23123437068137292,0.2317833449253329
*c1ccc(Oc2ccc(C(C)(C)c3ccc(Oc4ccc(-n5c(=O)c6cc7c(=O)n(*)c(=O)c7cc6c5=O)cc4)cc3)cc2)cc1,0.291997587,0.2549593896443776,0.2657259600687212
*c1ccc(Oc2ccc(C(C)(C)c3ccc(Oc4ccc(N5C(=O)C6CCC7C(=O)N(*)C(=O)C7C6C5=O)cc4)cc3)cc2)cc1,0.252650625,0.23548022604163676,0.2354295565251423
*c1ccc(Oc2ccc(C(C)(C)c3ccc(Oc4ccc(N5C(=O)c6ccc(-c7ccc8c(c7)C(=O)N(*)C8=O)cc6C5=O)cc4)cc3)cc2)cc1,0.317184763,0.25436652420162364,0.2798381367503827
*c1ccc(Oc2ccc(C(C)(C)c3ccc(Oc4ccc(N5C(=O)c6ccc(C(=O)c7ccc8c(c7)C(=O)N(*)C8=O)cc6C5=O)cc4)cc3)cc2)cc1,0.278491279,0.25453862474501243,0.2563785541402758
*c1ccc(Oc2ccc(C(c3ccc(Oc4ccc(-n5c(=O)c6cc7c(=O)n(*)c(=O)c7cc6c5=O)cc4)cc3)(C(F)(F)F)C(F)(F)F)cc2)cc1,0.219568135,0.20419147772822466,0.20523150622067812
*c1ccc(Oc2ccc(C(c3ccc(Oc4ccc(N5C(=O)c6ccc(-c7ccc8c(c7)C(=O)N(*)C8=O)cc6C5=O)cc4)cc3)(C(F)(F)F)C(F)(F)F)cc2)cc1,0.230715582,0.2052826885563706,0.2185417641000289
*c1ccc(Oc2ccc(C(c3ccc(Oc4ccc(N5C(=O)c6ccc(Oc7ccc(C8(c9ccc(Oc%10ccc%11c(c%10)C(=O)N(*)C%11=O)cc9)CCC(C(C)(C)C)CC8)cc7)cc6C5=O)cc4)cc3)(C(F)(F)F)C(F)(F)F)cc2)cc1,0.210880706,0.20296236666954862,0.19440265908351412
*c1ccc(Oc2ccc(C(c3ccc(Oc4ccc(N5C(=O)c6ccc(Oc7ccc8c(c7)C(=O)N(*)C8=O)cc6C5=O)cc4)cc3)(C(F)(F)F)C(F)(F)F)cc2)cc1,0.211511474,0.2017846681446709,0.1946471086072004
*c1ccc(Oc2ccc(C(c3ccc(Oc4ccc(N5C(=O)c6ccc(Oc7ccccc7Oc7ccc8c(c7)C(=O)N(*)C8=O)cc6C5=O)cc4C(F)(F)F)cc3)(C(F)(F)F)C(F)(F)F)cc2)c(C(F)(F)F)c1,0.172393313,0.17634773549946273,0.17496859563119857
*c1ccc(Oc2ccc(C3(c4ccc(Oc5ccc(N6C(=O)c7ccc(Oc8ccc(C9(c%10ccc(Oc%11ccc%12c(c%11)C(=O)N(*)C%12=O)cc%10)CCC(C(C)(C)C)CC9)cc8)cc7C6=O)cc5)cc4)CC4CC3C3CCCC43)cc2)cc1,0.235289626,0.2357186965701089,0.22061500519834515
*c1ccc(Oc2ccc(C3(c4ccc(Oc5ccc(N6C(=O)c7ccc(Oc8ccc(C9(c%10ccc(Oc%11ccc%12c(c%11)C(=O)N(*)C%12=O)cc%10)CCC(c%10ccccc%10)CC9)cc8)cc7C6=O)cc5)cc4)CC4CC3C3CCCC43)cc2)cc1,0.22907507,0.23085998129277419,0.21702952420611926
*c1ccc(Oc2ccc(C3(c4ccc(Oc5ccc(N6C(=O)c7ccc(Oc8ccc(C9(c%10ccc(Oc%11ccc%12c(c%11)C(=O)N(*)C%12=O)cc%10)CCCCCCCCCCC9)cc8)cc7C6=O)cc5)cc4)C4CC5CC(C4)CC3C5)cc2)cc1,0.2382015,0.24413040551812817,0.22097058819672857
*c1ccc(Oc2ccc(C3(c4ccc(Oc5ccc(N6C(=O)c7ccc(Oc8ccc(C9(c%10ccc(Oc%11ccc%12c(c%11)C(=O)N(*)C%12=O)cc%10)CCCCCCCCCCC9)cc8)cc7C6=O)cc5)cc4)CCC(C(C)(C)C)CC3)cc2)cc1,0.254842041,0.24897284291775776,0.23698981896798016
*c1ccc(Oc2ccc(C3(c4ccc(Oc5ccc(N6C(=O)c7ccc(Oc8ccccc8Oc8ccc9c(c8)C(=O)N(*)C9=O)cc7C6=O)cc5C(F)(F)F)cc4)c4ccccc4-c4ccccc43)cc2)c(C(F)(F)F)c1,0.188157219,0.18698219729011314,0.1826597760444006
*c1ccc(Oc2ccc(N3C(=O)C4CCC5C(=O)N(*)C(=O)C5C4C3=O)cc2)cc1,0.263432532,0.23081507228623488,0.24283419102910445
*c1ccc(Oc2ccc(N3C(=O)c4ccc(-c5ccc6c(c5)C(=O)N(*)C6=O)cc4C3=O)cc2)cc1,0.349285387,0.26203021208534427,0.29132982415979064
*c1ccc(Oc2ccc(N3C(=O)c4ccc(-c5cccc6c5C(=O)N(*)C6=O)cc4C3=O)cc2)cc1,0.246678175,0.23804070140589512,0.22787698244242227
*c1ccc(Oc2ccc(N3C(=O)c4ccc(C(=O)c5ccc6c(c5)C(=O)N(*)C6=O)cc4C3=O)cc2)cc1,0.287757726,0.2513595052228934,0.2645420887084717
*c1ccc(Oc2ccc(N3C(=O)c4ccc(C(c5ccc6c(c5)C(=O)N(*)C6=O)(C(F)(F)F)C(F)(F)F)cc4C3=O)cc2)cc1,0.205297018,0.18369797346631533,0.19356515427201407
*c1ccc(Oc2ccc(N3C(=O)c4ccc(Oc5ccc(C(c6ccc(Oc7ccc8c(c7)C(=O)N(*)C8=O)cc6)(C(F)(F)F)C(F)(F)F)cc5)cc4C3=O)cc2)cc1,0.220106642,0.1991053239248483,0.2052663630225586
*c1ccc(Oc2ccc(N3C(=O)c4ccc(Oc5ccc(C6(c7ccc(Oc8ccc9c(c8)C(=O)N(*)C9=O)cc7)CCC(c7ccccc7)CC6)cc5)cc4C3=O)cc2)cc1,0.234347519,0.2333249925058189,0.22018798373737725
*c1ccc(Oc2ccc(N3C(=O)c4ccc(Oc5ccc(S(=O)(=O)c6ccc(Oc7ccc8c(c7)C(=O)N(*)C8=O)cc6)cc5)cc4C3=O)cc2)cc1,0.247598756,0.24158128427694606,0.22888570079078144
*c1ccc(Oc2ccc(N3C(=O)c4ccc(Oc5ccc6c(c5)C(=O)N(*)C6=O)cc4C3=O)cc2)cc1,0.318102166,0.2473848463752532,0.2802973558000156
*c1ccc(Oc2ccc(N3C(=O)c4ccc(Oc5cccc6c5C(=O)N(*)C6=O)cc4C3=O)cc2)cc1,0.249143763,0.23518165906097138,0.23096281566817914
*c1ccc(Oc2ccc(N3C(=O)c4cccc(Oc5cccc6c5C(=O)N(*)C6=O)c4C3=O)cc2)cc1,0.222053496,0.22045643520759034,0.2060246198439264
*c1ccc(Oc2ccc(NC(=O)CN3C(=O)c4ccc(C(c5ccc6c(c5)C(=O)N(CC(=O)Nc5ccc(Oc7ccc(-c8nnc(*)o8)cc7)cc5)C6=O)(C(F)(F)F)C(F)(F)F)cc4C3=O)cc2)cc1,0.215864818,0.20772866285599687,0.2050099853293578
*c1ccc(Oc2ccc(Oc3ccc(-n4c(=O)c5cc6c(=O)n(*)c(=O)c6cc5c4=O)cc3)cc2)cc1,0.343936522,0.25859944443664384,0.288870875684542
*c1ccc(Oc2ccc(Oc3ccc(-n4c(=O)c5cc6c(=O)n(*)c(=O)c6cc5c4=O)cc3)cc2-c2ccccc2)cc1,0.30983122,0.24670012288828105,0.27609764601010733
*c1ccc(Oc2ccc(Oc3ccc(-n4c(=O)c5cc6c(=O)n(*)c(=O)c6cc5c4=O)cc3)cc2C(C)(C)C)cc1,0.299962523,0.25013431587864404,0.2698274654218544
*c1ccc(Oc2ccc(Oc3ccc(N4C(=O)C5CCC6C(=O)N(*)C(=O)C6C5C4=O)cc3)cc2)cc1,0.274145489,0.23314703636030992,0.2529991376874403
*c1ccc(Oc2ccc(Oc3ccc(N4C(=O)c5ccc(-c6ccc7c(c6)C(=O)N(*)C7=O)cc5C4=O)cc3)c(-c3ccccc3)c2)cc1,0.316411554,0.24897872016158268,0.27945109604728113
*c1ccc(Oc2ccc(Oc3ccc(N4C(=O)c5ccc(-c6ccc7c(c6)C(=O)N(*)C7=O)cc5C4=O)cc3)c(C(C)(C)C)c2)cc1,0.30392846,0.2527273747257007,0.27234726526895014
*c1ccc(Oc2ccc(Oc3ccc(N4C(=O)c5ccc(-c6ccc7c(c6)C(=O)N(*)C7=O)cc5C4=O)cc3)cc2)cc1,0.295398373,0.25845200414841635,0.2669302347637104
*c1ccc(Oc2ccc(Oc3ccc(N4C(=O)c5ccc(-c6cccc7c6C(=O)N(*)C7=O)cc5C4=O)cc3)cc2)cc1,0.253562737,0.24096136485196,0.23569674716899922
*c1ccc(Oc2ccc(Oc3ccc(N4C(=O)c5ccc(C(c6ccc7c(c6)C(=O)N(*)C7=O)(C(F)(F)F)C(F)(F)F)cc5C4=O)cc3)cc2)cc1,0.20429123,0.1946355785613683,0.19334987737250486
*c1ccc(Oc2ccc(Oc3ccc(N4C(=O)c5ccc(Oc6ccc(C7(c8ccc(Oc9ccc%10c(c9)C(=O)N(*)C%10=O)cc8)CCC(C(C)(C)C)CC7)cc6)cc5C4=O)cc3)c(C(C)(C)C)c2)cc1,0.275312596,0.24703439362157,0.2536909843453804
*c1ccc(Oc2ccc(Oc3ccc(N4C(=O)c5ccc(Oc6ccc(C7(c8ccc(Oc9ccc%10c(c9)C(=O)N(*)C%10=O)cc8)CCC(c8ccccc8)CC7)cc6)cc5C4=O)cc3)c(C(C)(C)C)c2)cc1,0.258275143,0.24359766606912228,0.24035375682842244
*c1ccc(Oc2ccc(Oc3ccc(N4C(=O)c5ccc(Oc6ccc(C7(c8ccc(Oc9ccc%10c(c9)C(=O)N(*)C%10=O)cc8)CCCCCCCCCCC7)cc6)cc5C4=O)cc3)c(C(C)(C)C)c2)cc1,0.253157391,0.24900188240110496,0.2355780066429182
*c1ccc(Oc2ccc(Oc3ccc(N4C(=O)c5ccc(Oc6ccc7c(c6)C(=O)N(*)C7=O)cc5C4=O)cc3)cc2)cc1,0.260809088,0.24924975181456407,0.24143502161702804
*c1ccc(Oc2ccc(Oc3ccc(N4C(=O)c5ccc(Oc6cccc7c6C(=O)N(*)C7=O)cc5C4=O)cc3)cc2)cc1,0.255200829,0.2365663465678402,0.23726650908461241
*c1ccc(Oc2ccc(Oc3ccc(N4C(=O)c5ccc(Oc6ccccc6Oc6ccc7c(c6)C(=O)N(*)C7=O)cc5C4=O)cc3C(F)(F)F)cc2)c(C(F)(F)F)c1,0.203445263,0.18769452671119033,0.19315101522208727
*c1ccc(Oc2ccc(Oc3ccc(N4C(=O)c5cccc(Oc6cccc7c6C(=O)N(*)C7=O)c5C4=O)cc3)cc2)cc1,0.228924168,0.22887836815342305,0.21666877766230436
*c1ccc(Oc2ccc(S(=O)(=O)c3ccc(Oc4ccc(-n5c(=O)c6cc7c(=O)n(*)c(=O)c7cc6c5=O)cc4)cc3)cc2)cc1,0.257046515,0.24574098420403312,0.24012887256828802
*c1ccc(Oc2ccc(S(=O)(=O)c3ccc(Oc4ccc(N5C(=O)c6ccc(C(=O)c7ccc8c(c7)C(=O)N(*)C8=O)cc6C5=O)cc4)cc3)cc2)cc1,0.244102731,0.2440633850033644,0.2254725946945934
*c1ccc(Oc2ccc(S(=O)(=O)c3ccc(Oc4ccc(N5C(=O)c6ccc(C(c7ccc8c(c7)C(=O)N(*)C8=O)(C(F)(F)F)C(F)(F)F)cc6C5=O)cc4)cc3)cc2)cc1,0.207221278,0.18763191620513525,0.1938537765962874
*c1ccc(Oc2ccc(S(=O)(=O)c3ccc(Oc4ccc(N5C(=O)c6ccc(Oc7ccc8c(c7)C(=O)N(*)C8=O)cc6C5=O)cc4)cc3)cc2)cc1,0.250512619,0.23899508525352697,0.23280311228988712
*c1ccc(Oc2ccc3ccc(Oc4ccc(-n5c(=O)c6cc7c(=O)n(*)c(=O)c7cc6c5=O)cc4)cc3c2)cc1,0.289863471,0.2607224450606259,0.2649702342174116
*c1ccc(Oc2cccc(N3C(=O)c4ccc(-c5cccc6c5C(=O)N(*)C6=O)cc4C3=O)c2)cc1,0.21550438,0.22576704060051508,0.20499709834643556
*c1ccc(Oc2cccc(Oc3ccc(-n4c(=O)c5cc6c(=O)n(*)c(=O)c6cc5c4=O)cc3)c2)cc1,0.289920789,0.24450722864595376,0.264990531471331
*c1ccc(Oc2cccc(Oc3ccc(N4C(=O)c5ccc(-c6ccc7c(c6)C(=O)N(*)C7=O)cc5C4=O)cc3)c2)cc1,0.282900087,0.24568279180978325,0.2616772833037489
*c1ccc(Oc2cccc(Oc3ccc(N4C(=O)c5ccc(-c6cccc7c6C(=O)N(*)C7=O)cc5C4=O)cc3)c2)cc1,0.215328534,0.2292250474435173,0.20499081120579296
*c1ccc(Oc2cccc(Oc3ccc(N4C(=O)c5ccc(C(=O)c6ccc7c(c6)C(=O)N(*)C7=O)cc5C4=O)cc3)c2)cc1,0.243353052,0.238580293056526,0.22477270799451196
*c1ccc(Oc2cccc(Oc3ccc(N4C(=O)c5ccc(Oc6ccc7c(c6)C(=O)N(*)C7=O)cc5C4=O)cc3)c2)cc1,0.239797409,0.23627078446362154,0.22121006331909024
*c1ccc(Oc2cccc3c(Oc4ccc(-n5c(=O)c6cc7c(=O)n(*)c(=O)c7cc6c5=O)cc4)cccc23)cc1,0.317593927,0.24455684075611184,0.28004294957879505
*c1ccc(Oc2cccc3c(Oc4ccc(N5C(=O)c6ccc(Oc7ccc8c(c7)C(=O)N(*)C8=O)cc6C5=O)cc4)cccc23)cc1,0.272013483,0.23542456575409415,0.25173531078398736
*c1ccc(Oc2ccccc2Oc2ccc(-n3c(=O)c4cc5c(=O)n(*)c(=O)c5cc4c3=O)cc2)cc1,0.27636764,0.24303866141098113,0.2543164014368551
*c1ccc(Oc2ccccc2Oc2ccc(N3C(=O)c4ccc(-c5ccc6c(c5)C(=O)N(*)C6=O)cc4C3=O)cc2)cc1,0.29151673,0.247066759461847,0.26555568063419976
*c1ccc(Oc2ccccc2Oc2ccc(N3C(=O)c4ccc(Oc5ccccc5Oc5ccc6c(c5)C(=O)N(*)C6=O)cc4C3=O)cc2C(F)(F)F)c(C(F)(F)F)c1,0.175622309,0.18078884675358636,0.17752677921583748
*c1ccc(S(*)(=O)=O)cc1,0.199092642,0.20484330011090343,0.19212784106516073
*c1ccc(S(=O)(=O)c2ccc(-n3c(=O)c4cc5c(=O)n(*)c(=O)c5cc4c3=O)cc2)cc1,0.29081044,0.24863976568715854,0.2653055716375372
*c1ccc(S(=O)(=O)c2ccc(N3C(=O)c4ccc(-c5ccc6c(c5)C(=O)N(*)C6=O)cc4C3=O)cc2)cc1,0.280663141,0.2495805695436208,0.2589888080951858
*c1ccc(S(=O)(=O)c2ccc(N3C(=O)c4ccc(C(=O)c5ccc6c(c5)C(=O)N(*)C6=O)cc4C3=O)cc2)cc1,0.255148124,0.2436206603411319,0.23722730281670185
*c1ccc(S(=O)(=O)c2ccc(N3C(=O)c4ccc(C(c5ccc6c(c5)C(=O)N(*)C6=O)(C(F)(F)F)C(F)(F)F)cc4C3=O)cc2)cc1,0.166991738,0.1716892215591732,0.16668091633434498
*c1ccc(S(=O)(=O)c2ccc(N3C(=O)c4ccc(Oc5ccc6c(c5)C(=O)N(*)C6=O)cc4C3=O)cc2)cc1,0.249871544,0.23822734184662522,0.23194124796174637
*c1ccc(Sc2ccc(-n3c(=O)c4cc5c(=O)n(*)c(=O)c5cc4c3=O)cc2)cc1,0.277607792,0.252609257944026,0.25531673463431204
*c1ccc(Sc2ccc(N3C(=O)c4ccc(-c5ccc6c(c5)C(=O)N(*)C6=O)cc4C3=O)cc2)cc1,0.266032562,0.251187852208644,0.24733731771507542
*c1ccc(Sc2ccc(Oc3ccc(Sc4ccc(N5C(=O)c6ccc(Oc7ccc(C(C)(C)c8ccc(Oc9ccc%10c(c9)C(=O)N(*)C%10=O)cc8)cc7)cc6C5=O)cc4)cc3)cc2)cc1,0.219421614,0.23112377477993687,0.2052220221221087
*c1ccc(Sc2ccc(Sc3ccc(Sc4ccc(-n5c(=O)c6cc7c(=O)n(*)c(=O)c7cc6c5=O)cc4)cc3)cc2)cc1,0.209987039,0.23928438143231082,0.19426861677807392
*c1ccc(Sc2ccc3c(c2)Sc2ccc(Sc4ccc(-n5c(=O)c6cc7c(=O)n(*)c(=O)c7cc6c5=O)cc4)cc2S3)cc1,0.199953659,0.25809558632573676,0.1923302410313132
*c1ccc2c(c1)-c1cc(-c3nc4cc(-c5ccc6[nH]c(*)nc6c5)ccc4[nH]3)ccc1S2(=O)=O,0.266970833,0.29810468820290426,0.2492592601313825
*c1ccc2c(c1)-c1nc3cc(-c4ccc5nc6n(c5c4)C(=O)c4cc(C(*)(C(F)(F)F)C(F)(F)F)ccc4-6)ccc3n1C2=O,0.18416099,0.18382984112535,0.18214903849933212
*c1ccc2c(c1)-c1nc3cc(Oc4ccc5c(c4)nc4n5C(=O)c5cc(C(*)(C(F)(F)F)C(F)(F)F)ccc5-4)ccc3n1C2=O,0.183522496,0.17953709693042164,0.18206743585391288
*c1ccc2c(c1)-c1nc3cc(Oc4ccc5nc6n(c5c4)C(=O)c4cc(C(*)(C(F)(F)F)C(F)(F)F)ccc4-6)ccc3n1C2=O,0.176963476,0.17598615298890236,0.17794573864754226
*c1ccc2c(c1)C(=O)N(c1c(C(C)C)cc(Cc3cc(C(C)C)c(N4C(=O)c5ccc(C(*)(C(F)(F)F)C(F)(F)F)cc5C4=O)c(C(C)C)c3)cc1C(C)C)C2=O,0.16484689,0.1652021637618249,0.16140704838954087
*c1ccc2c(c1)C(=O)N(c1c(C)c(C)c(N3C(=O)c4ccc(C(*)(C(F)(F)F)C(F)(F)F)cc4C3=O)c(C)c1C)C2=O,0.16438311,0.15816322917753287,0.16065379963195162
*c1ccc2c(c1)C(=O)N(c1c(C)cc(C(c3cc(C)c(N4C(=O)c5ccc(C(*)(C(F)(F)F)C(F)(F)F)cc5C4=O)c(C)c3)c3cccc4ccccc34)cc1C)C2=O,0.161522154,0.15985471624802128,0.1568440265406432
*c1ccc2c(c1)C(=O)N(c1c(C)cc(C)c(N3C(=O)c4ccc(C(*)(C(F)(F)F)C(F)(F)F)cc4C3=O)c1C)C2=O,0.150371313,0.15420221811791346,0.15319246980430287
*c1ccc2c(c1)C(=O)N(c1c(C)cc(Cc3cc(C)c(N4C(=O)c5ccc(C(*)(C(F)(F)F)C(F)(F)F)cc5C4=O)c(C)c3)cc1C)C2=O,0.164469188,0.16409415931462573,0.1607936033029934
*c1ccc2c(c1)C(=O)N(c1c(CC)cc(Cc3cc(CC)c(N4C(=O)c5ccc(C(*)(C(F)(F)F)C(F)(F)F)cc5C4=O)c(CC)c3)cc1CC)C2=O,0.1778175,0.17053550979228083,0.17821252228425732
*c1ccc2c(c1)C(=O)N(c1cc(C(c3ccc(O)c(N4C(=O)c5ccc(C(*)(C(F)(F)F)C(F)(F)F)cc5C4=O)c3)(C(F)(F)F)C(F)(F)F)ccc1O)C2=O,0.132113785,0.13852189411174506,0.1298552263448127
*c1ccc2c(c1)C(=O)N(c1cc(N3C(=O)c4ccc(C(*)(C(F)(F)F)C(F)(F)F)cc4C3=O)ccc1C)C2=O,0.153779126,0.1603127206438732,0.15452275477581562
*c1ccc2c(c1)C(=O)N(c1ccc(-c3ccc(Oc4ccc5c(c4)C(C)(c4ccc(Oc6ccc(-c7ccc(N8C(=O)c9ccc(C(*)(C(F)(F)F)C(F)(F)F)cc9C8=O)cc7)cc6C(F)(F)F)cc4)CC5(C)C)c(C(F)(F)F)c3)cc1)C2=O,0.18898492,0.17545323224430334,0.18276556026667382
*c1ccc2c(c1)C(=O)N(c1ccc(C(C)(C)c3ccc(N4C(=O)c5ccc(C(*)(C(F)(F)F)C(F)(F)F)cc5C4=O)cc3)cc1)C2=O,0.188288469,0.1752060446424767,0.1826765504341541
*c1ccc2c(c1)C(=O)N(c1ccc(C(c3ccc(C)c(N4C(=O)c5ccc(C(*)(C(F)(F)F)C(F)(F)F)cc5C4=O)c3)(C(F)(F)F)C(F)(F)F)cc1C)C2=O,0.125282992,0.13839963347998244,0.12616599286399044
*c1ccc2c(c1)C(=O)N(c1ccc(C(c3ccc(N4C(=O)c5ccc(C(*)(C(F)(F)F)C(F)(F)F)cc5C4=O)cc3)(C(F)(F)F)C(F)(F)F)cc1)C2=O,0.150988967,0.14783766725547984,0.15356052405197237
*c1ccc2c(c1)C(=O)N(c1ccc(Cc3ccc(N4C(=O)c5ccc(C(*)(C(F)(F)F)C(F)(F)F)cc5C4=O)cc3)cc1)C2=O,0.197639356,0.17995748363437658,0.19113922958612778
*c1ccc2c(c1)C(=O)N(c1ccc(Cc3ccc(N4C(=O)c5ccc(C(F)(F)C(F)(F)C(*)(F)F)cc5C4=O)cc3)cc1)C2=O,0.201372992,0.181263015766978,0.19266388479346777
*c1ccc2c(c1)C(=O)N(c1ccc(Oc3c(C)cc(C(c4cc(C)c(Oc5ccc(N6C(=O)c7ccc(C(*)(C(F)(F)F)C(F)(F)F)cc7C6=O)cc5)c(C)c4)c4cccc5ccccc45)cc3C)cc1)C2=O,0.184969637,0.1797739501451202,0.18225238752753017
*c1ccc2c(c1)C(=O)N(c1ccc(Oc3c(C)cc(Cc4cc(C)c(Oc5ccc(N6C(=O)c7ccc(C(*)(C(F)(F)F)C(F)(F)F)cc7C6=O)cc5)c(C)c4)cc3C)cc1)C2=O,0.187678976,0.1807131114645244,0.18259865425789482
*c1ccc2c(c1)C(=O)N(c1ccc(Oc3ccc(-c4ccc(Oc5ccc(N6C(=O)c7ccc(C(*)(C(F)(F)F)C(F)(F)F)cc7C6=O)cc5)cc4)cc3)cc1)C2=O,0.192517661,0.19297221218022775,0.18502673591699312
*c1ccc2c(c1)C(=O)N(c1ccc(Oc3ccc(C(c4ccc(Oc5ccc(N6C(=O)c7ccc(C(*)(C(F)(F)F)C(F)(F)F)cc7C6=O)cc5)cc4)(C(F)(F)F)C(F)(F)F)cc3)cc1)C2=O,0.178824304,0.17105479726002099,0.1785270319848972
*c1ccc2c(c1)C(=O)N(c1ccc(Oc3ccc(N4C(=O)c5ccc(C(C)(C)CCCCC(*)(C)C)cc5C4=O)cc3)cc1)C2=O,0.234181621,0.23269893049720047,0.22011278845029028
*c1ccc2c(c1)C(=O)N(c1ccc(Oc3ccc(N4C(=O)c5ccc(C(C)(C)CCCCCCCCC(*)(C)C)cc5C4=O)cc3)cc1)C2=O,0.254763626,0.24728415853990748,0.23691007333477304
*c1ccc2c(c1)C(=O)N(c1ccc(Oc3ccc(N4C(=O)c5ccc(C(F)(F)C(F)(F)C(*)(F)F)cc5C4=O)cc3)cc1)C2=O,0.221414687,0.1815089922391118,0.2057614880037136
*c1ccc2c(c1)C(=O)N(c1ccc(Oc3ccc4ccc(Oc5ccc(N6C(=O)c7ccc(C(*)(C(F)(F)F)C(F)(F)F)cc7C6=O)cc5)cc4c3)cc1)C2=O,0.182668971,0.18427342993926055,0.1814058144333693
*c1ccc2c(c1)C(=O)N(c1ccc(Oc3cccc(Oc4ccc(N5C(=O)c6ccc(C(*)(C(F)(F)F)C(F)(F)F)cc6C5=O)cc4)c3)cc1)C2=O,0.179360522,0.1764425945817973,0.17869453803638063
*c1ccc2c(c1)C(=O)N(c1ccc(Sc3ccc(Oc4ccc(Sc5ccc(N6C(=O)c7ccc(C(*)(C(F)(F)F)C(F)(F)F)cc7C6=O)cc5)cc4)cc3)cc1)C2=O,0.17007229,0.17908736336669542,0.17174052677247642
*c1ccc2c(c1)C(=O)N(c1ccc3c(c1)-c1cc(N4C(=O)c5ccc(C(*)(C(F)(F)F)C(F)(F)F)cc5C4=O)ccc1C3)C2=O,0.174130825,0.17126812217718104,0.17706086312258676
*c1ccc2c(c1)C(=O)N(c1cccc(Oc3ccc(S(=O)(=O)c4ccc(Oc5cccc(N6C(=O)c7ccc(C(*)(C(F)(F)F)C(F)(F)F)cc7C6=O)c5)cc4)cc3)c1)C2=O,0.163208541,0.1669205316623331,0.15902070736006887
*c1ccc2c(c1)C(=O)N(c1cccc(Oc3cccc(Oc4cccc(N5C(=O)c6ccc(C(*)(C(F)(F)F)C(F)(F)F)cc6C5=O)c4)c3)c1)C2=O,0.163896306,0.16484317474013152,0.15992031090954062
*c1ccc2c(c1)C(=O)N(c1cccc(S(=O)(=O)c3cccc(N4C(=O)c5ccc(C(*)(C(F)(F)F)C(F)(F)F)cc5C4=O)c3)c1)C2=O,0.150446539,0.1525187572509013,0.15337345912589725
*c1ccc2sc3ccc(-c4nc5cc(-c6ccc7[nH]c(*)nc7c6)ccc5[nH]4)cc3c2c1,0.263202779,0.3653847911664124,0.24271062019398304
*c1cccc(-c2nc3cc(-c4ccc5nc(*)c(-c6ccc7ccccc7c6)nc5c4)ccc3nc2-c2ccc3ccccc3c2)c1,0.244614479,0.29465622700259414,0.22595035333394878
*c1cccc(-c2nc3cc(-c4ccc5nc(*)c(-c6ccccc6)nc5c4)ccc3nc2-c2ccccc2)c1,0.231952429,0.29399639924522103,0.21910238005228672
*c1cccc(-n2c(=O)c3cc4c(=O)n(*)c(=O)c4cc3c2=O)c1,0.335322506,0.23933620581310555,0.28707436495028854
*c1cccc(-n2c(=O)c3cc4c(=O)n(*)c(=O)c4cc3c2=O)c1C,0.347931798,0.23283651050525844,0.29070756025751165
*c1cccc(N2C(=O)c3ccc(-c4ccc5c(c4)C(=O)N(*)C5=O)cc3C2=O)c1,0.328084105,0.24840674938844554,0.2852939565753265
*c1cccc(N2C(=O)c3ccc(-c4ccc5c(c4)C(=O)N(*)C5=O)cc3C2=O)c1C,0.301425488,0.2406202969458024,0.2707569756443583
*c1cccc(N2C(=O)c3ccc(-c4cccc5c4C(=O)N(*)C5=O)cc3C2=O)c1,0.220725294,0.2193404807072194,0.20547752010607936
*c1cccc(N2C(=O)c3ccc(C(=O)c4ccc5c(c4)C(=O)N(*)C5=O)cc3C2=O)c1,0.246673488,0.2358614852195966,0.22787260674433912
*c1cccc(N2C(=O)c3ccc(C(c4ccc5c(c4)C(=O)N(*)C5=O)(C(F)(F)F)C(F)(F)F)cc3C2=O)c1,0.17288835,0.1650836396163084,0.17565709097295748
*c1cccc(N2C(=O)c3ccc(Oc4ccc(C(C)(C)c5ccc(Oc6ccc7c(c6)C(=O)N(*)C7=O)cc5)cc4)cc3C2=O)c1,0.234647472,0.23193414264456225,0.22032394108434708
*c1cccc(N2C(=O)c3ccc(Oc4ccc(S(=O)(=O)c5ccc(Oc6ccc7c(c6)C(=O)N(*)C7=O)cc5)cc4)cc3C2=O)c1,0.222521804,0.22253189939402795,0.2062175206105505
*c1cccc(N2C(=O)c3ccc(Oc4ccc5c(c4)C(=O)N(*)C5=O)cc3C2=O)c1,0.256393833,0.23566663631487983,0.23789778253959665
*c1cccc(N2C(=O)c3ccc(Oc4ccc5c(c4)C4(CC(C)(C)c6ccc(Oc7ccc8c(c7)C(=O)N(*)C8=O)cc64)CC5(C)C)cc3C2=O)c1,0.195425517,0.21787955390211175,0.18843127947371652
*c1cccc(Oc2ccc(-n3c(=O)c4cc5c(=O)n(*)c(=O)c5cc4c3=O)cc2)c1,0.262134449,0.24678927516946736,0.24213602734738146
*c1cccc(Oc2ccc(N3C(=O)c4ccc(-c5ccc6c(c5)C(=O)N(*)C6=O)cc4C3=O)cc2)c1,0.281444426,0.24916291471293073,0.2599277960516775
*c1cccc(Oc2ccc(N3C(=O)c4ccc(C(=O)c5ccc6c(c5)C(=O)N(*)C6=O)cc4C3=O)cc2)c1,0.264017299,0.2413786026983778,0.2432092785454602
*c1cccc(Oc2ccc(N3C(=O)c4ccc(C(c5ccc6c(c5)C(=O)N(*)C6=O)(C(F)(F)F)C(F)(F)F)cc4C3=O)cc2)c1,0.170631828,0.17464117527027012,0.17251872982909058
*c1cccc(Oc2ccc(N3C(=O)c4ccc(Oc5ccc6c(c5)C(=O)N(*)C6=O)cc4C3=O)cc2)c1,0.248953031,0.2375360432216939,0.23070639464562337
*c1cccc(Oc2ccc(S(=O)(=O)c3ccc(Oc4cccc(-n5c(=O)c6cc7c(=O)n(*)c(=O)c7cc6c5=O)c4)cc3)cc2)c1,0.218423483,0.22148489008014216,0.2051574145041617
*c1cccc(Oc2ccc(S(=O)(=O)c3ccc(Oc4cccc(N5C(=O)c6ccc(-c7ccc8c(c7)C(=O)N(*)C8=O)cc6C5=O)c4)cc3)cc2)c1,0.227124785,0.22554804589521735,0.2126461214145213
*c1cccc(Oc2cccc(Oc3cccc(-n4c(=O)c5cc6c(=O)n(*)c(=O)c6cc5c4=O)c3)c2)c1,0.22483537,0.22185470534966245,0.2105083107139786
*c1cccc(Oc2cccc(Oc3cccc(N4C(=O)c5ccc(-c6cccc7c6C(=O)N(*)C7=O)cc5C4=O)c3)c2)c1,0.194879024,0.21351361515464973,0.1877914406295838
*c1cccc(P(=O)(c2ccc(C(F)(F)F)cc2)c2cccc(-n3c(=O)c4c(-c5cc(C(F)(F)F)cc(C(F)(F)F)c5)c5c(=O)n(*)c(=O)c5c(-c5cc(C(F)(F)F)cc(C(F)(F)F)c5)c4c3=O)c2)c1,0.130279594,0.13113580320934629,0.1277853496233286
*c1cccc(P(=O)(c2ccc(C(F)(F)F)cc2)c2cccc(-n3c(=O)c4c(-c5ccc(C(F)(F)F)cc5)c5c(=O)n(*)c(=O)c5c(-c5ccc(C(F)(F)F)cc5)c4c3=O)c2)c1,0.149548685,0.14861664401535313,0.14951777720667309
*c1cccc(P(=O)(c2ccc(C(F)(F)F)cc2)c2cccc(-n3c(=O)c4c(-c5ccccc5)c5c(=O)n(*)c(=O)c5c(-c5ccccc5)c4c3=O)c2)c1,0.168077953,0.16495422476061852,0.16896681140494352
*c1cccc(P(=O)(c2ccc(C(F)(F)F)cc2)c2cccc(-n3c(=O)c4cc5c(=O)n(*)c(=O)c5cc4c3=O)c2)c1,0.18075284,0.17475263626058757,0.17976740830439475
*c1cccc(P(=O)(c2cccc(-n3c(=O)c4c(-c5cc(C(F)(F)F)cc(C(F)(F)F)c5)c5c(=O)n(*)c(=O)c5c(-c5cc(C(F)(F)F)cc(C(F)(F)F)c5)c4c3=O)c2)c2cc(C(F)(F)F)cc(C(F)(F)F)c2)c1,0.122779381,0.12528991661849445,0.12301086953627897
*c1cccc(P(=O)(c2cccc(-n3c(=O)c4c(-c5ccc(C(F)(F)F)cc5)c5c(=O)n(*)c(=O)c5c(-c5ccc(C(F)(F)F)cc5)c4c3=O)c2)c2cc(C(F)(F)F)cc(C(F)(F)F)c2)c1,0.141923307,0.14003929932314668,0.13619826449807332
*c1cccc(P(=O)(c2cccc(-n3c(=O)c4c(-c5ccccc5)c5c(=O)n(*)c(=O)c5c(-c5ccccc5)c4c3=O)c2)c2cc(C(F)(F)F)cc(C(F)(F)F)c2)c1,0.14675416,0.1494028878091487,0.1443068002174802
*c1cccc(P(=O)(c2cccc(-n3c(=O)c4cc5c(=O)n(*)c(=O)c5cc4c3=O)c2)c2cc(C(F)(F)F)cc(C(F)(F)F)c2)c1,0.163382142,0.1581945372299066,0.15924777921715938
*c1cccc(P(=O)(c2ccccc2)c2cccc(-n3c(=O)c4c(-c5cc(C(F)(F)F)cc(C(F)(F)F)c5)c5c(=O)n(*)c(=O)c5c(-c5cc(C(F)(F)F)cc(C(F)(F)F)c5)c4c3=O)c2)c1,0.131716821,0.13239593483969828,0.12936256586732636
*c1cccc(P(=O)(c2ccccc2)c2cccc(-n3c(=O)c4c(-c5ccc(C(F)(F)F)cc5)c5c(=O)n(*)c(=O)c5c(-c5ccc(C(F)(F)F)cc5)c4c3=O)c2)c1,0.150823834,0.15164477243460087,0.15350357530958156
*c1cccc(P(=O)(c2ccccc2)c2cccc(-n3c(=O)c4c(-c5ccccc5)c5c(=O)n(*)c(=O)c5c(-c5ccccc5)c4c3=O)c2)c1,0.177458779,0.19006746280243142,0.17810046349791633
*c1cccc(P(=O)(c2ccccc2)c2cccc(-n3c(=O)c4cc5c(=O)n(*)c(=O)c5cc4c3=O)c2)c1,0.201453995,0.1995819043078013,0.19268292623452904
*c1cccc(S(=O)(=O)NCCCCCCNS(*)(=O)=O)c1,0.20809775,0.23488373693782377,0.19398523980074028
*c1cccc(S(=O)(=O)c2cccc(N3C(=O)c4ccc(Oc5ccc(S(=O)(=O)c6ccc(Oc7ccc8c(c7)C(=O)N(*)C8=O)cc6)cc5)cc4C3=O)c2)c1,0.196371018,0.22037939066382445,0.1895720982061939
*c1cccc2c(N3C(=O)c4ccc(-c5ccc6c(c5)C(=O)N(*)C6=O)cc4C3=O)cccc12,0.315217824,0.2539873170856286,0.27885355760875613
