SMILES,Density_label,Density_pred,Density_rescaled_label
*.*C/C=C/CC.*CC(*)C#N.*CCC(C*)C(=O)O,0.862,0.9796808645776722,0.8982355328276415
*C(=O)OCC1CCC(COC(=O)c2ccc(*)cc2)CC1,1.092,1.0897509190307921,1.0866315035132168
*C(=O)OCCCCCCCCCCOC(=O)c1ccc(*)cc1,1.0020000000000002,1.030694801334891,1.0174726767624767
*C(=O)OCCCCCCOC(=O)c1ccc(*)cc1,1.092,1.0960792135735302,1.0866315035132168
*C(=O)c1ccc(C(=O)c2ccc(Oc3ccc(*)cc3)cc2)cc1,1.162,1.154036230418361,1.1182627252741153
*C(C(=O)OC)C(*)C(=O)OC,1.1920000000000002,1.110119022011707,1.1277893385784776
*C(C(=O)OCC)C(*)C(=O)OCC,1.1019999999999999,1.0320513644337461,1.090207722427288
*C(C(=O)OCCC)C(*)C(=O)OCCC,1.032,0.9953188131257636,1.0566013468096063
*C(C)C(*)C(=O)OC1CCCCCCC1,0.892,0.9132739090421916,0.9286436366134115
*C(C)C(*)C(=O)OCCN=O,1.1720000000000002,1.1167830982043099,1.120052302949582
*C(F)(F)C(*)(F)C(F)(F)F,1.782,1.593212789433451,1.4575742257286046
*C(F)(F)C(*)(F)C(F)F.*CC(*)(F)F,1.662,1.5544993321249274,1.3899815114218483
*C(F)(F)C(*)(F)Cl,1.8820000000000001,1.5963467311970851,1.5963467311970851
*C(F)(F)C(*)(F)Cl.*C(F)C(*)(F)F.*CC(*)(F)F,1.682,1.661279163401734,1.4134207240169447
*C(F)(F)C(*)(F)Cl.*CC(*)(F)F,1.702,1.5698862931691524,1.4259928371796402
*C(F)(F)C(*)(F)F,1.9820000000000002,1.6138966969064148,1.6138966969064148
*C(F)C(*)(F)F.*CC(*)(F)F,1.7610000000000001,1.5235718596533443,1.4492841112345014
*C/C=C\C*,0.782,0.850328317556321,0.8400389682483111
*C1C2C/C(=C/C)C(C2)C1*.*CC(*)C.*CC*,1.3820000000000001,0.8013461343014596,1.2199357168791118
*C=CC(*)c1ccccc1,0.9520000000000001,0.9632453847460721,0.9726756004276214
*C=CC(C)C*,0.802,0.8245637666513983,0.8614880655214383
*C=CCC(C)C*,0.792,0.8203335915385594,0.8553331680969909
*C=CCCC(C)C*,0.782,0.8184696865137453,0.8400389682483111
*C=CCCC*,0.802,0.8376082751651301,0.8614880655214383
*C=CCCCC*,0.792,0.8314115367827002,0.8553331680969909
*C=CCCCCCCCCCCCCCCCC*,0.762,0.816838569531567,0.8025960917327766
*CC(*)(C#N)C(=O)OC,1.262,1.0436067326789287,1.168355393026539
*CC(*)(C#N)C(=O)OCC,1.1920000000000002,1.028887235000554,1.1277893385784776
*CC(*)(C#N)C(=O)OCCCC,1.092,0.985413250746719,1.0866315035132168
*CC(*)(C#N)C(=O)OCCCCCCCC,0.9720000000000001,0.9438738696772189,1.0099746699101677
*CC(*)(C(=O)OCCCC)C(=O)OCCCC,0.9920000000000001,0.9654144027878491,1.0139239301362237
*CC(*)(C)C,0.752,0.7827589207756758,0.7838746534750093
*CC(*)(C)C#N,1.0819999999999999,0.9095085826506493,1.0840566642936422
*CC(*)(C)C(=O)NC(C)(C)C,0.912,0.8478927441968291,0.9424360488385076
*CC(*)(C)C(=O)NC(C)=O,1.112,1.042466719627798,1.096001282093459
*CC(*)(C)C(=O)NCc1ccccc1,1.0020000000000002,1.0277532988503435,1.0174726767624767
*CC(*)(C)C(=O)O,1.1720000000000002,1.0452345372637306,1.120052302949582
*CC(*)(C)C(=O)OC,1.032,0.9362668812450143,1.0566013468096063
*CC(*)(C)C(=O)OC(C)(C)C,0.932,0.8448669901687523,0.9545691260108019
*CC(*)(C)C(=O)OC(C)C,0.9520000000000001,0.8930162331577122,0.9726756004276214
*CC(*)(C)C(=O)OC(C)C(C)(C)C,0.892,0.8441092816017193,0.9286436366134115
*CC(*)(C)C(=O)OC(C)CC,0.932,0.8922567165416655,0.9545691260108019
*CC(*)(C)C(=O)OC.*CC(*)(C)C(=O)OC.*CC(*)C(=O)OCCCC,0.9920000000000001,0.9858818425397027,1.0139239301362237
*CC(*)(C)C(=O)OC.*CC(*)C(=O)OC(C)(C)C,0.983,0.9436975631904609,1.0121102491220386
*CC(*)(C)C(=O)OC.*CC(*)C(=O)OCCCC,0.9700000000000001,0.9764028480955975,1.0079520242925506
*CC(*)(C)C(=O)OC1CC(C)CC(C)(C)C1,0.882,0.8650934104246644,0.9217474305008635
*CC(*)(C)C(=O)OC1CCC(C(C)(C)C)CC1,0.872,0.8578539266079548,0.9108167209947537
*CC(*)(C)C(=O)OC1CCC1,0.9720000000000001,0.9478718177358725,1.0099746699101677
*CC(*)(C)C(=O)OC1CCCC1,0.9520000000000001,0.9294564408108534,0.9726756004276214
*CC(*)(C)C(=O)OC1CCCCC1,0.932,0.9122414253976938,0.9545691260108019
*CC(*)(C)C(=O)OCC,0.9920000000000001,0.9205996513951227,1.0139239301362237
*CC(*)(C)C(=O)OCC(C)C,0.932,0.8956860888358942,0.9545691260108019
*CC(*)(C)C(=O)OCC(C)O,1.052,1.03323759922656,1.0714801264629117
*CC(*)(C)C(=O)OCC(CC)CC,0.892,0.8862726247958814,0.9286436366134115
*CC(*)(C)C(=O)OCC(CC)CCCC,0.872,0.8702390197410099,0.9108167209947537
*CC(*)(C)C(=O)OCC1CCCCCCC1,0.882,0.9046660844986871,0.9217474305008635
*CC(*)(C)C(=O)OCCBr,1.302,1.4196145794283548,1.1727542632205277
*CC(*)(C)C(=O)OCCC,0.9520000000000001,0.9271805123756416,0.9726756004276214
*CC(*)(C)C(=O)OCCC(C)(C)C,0.892,0.8615737455942839,0.9286436366134115
*CC(*)(C)C(=O)OCCC(C)CC(C)(C)C,0.862,0.8585345639819142,0.8982355328276415
*CC(*)(C)C(=O)OCCCC,0.932,0.9118493329685526,0.9545691260108019
*CC(*)(C)C(=O)OCCCC#N,1.092,1.0082731214783027,1.0866315035132168
*CC(*)(C)C(=O)OCCCCC,0.912,0.907445929626068,0.9424360488385076
*CC(*)(C)C(=O)OCCCCCC,0.892,0.8973852663777933,0.9286436366134115
*CC(*)(C)C(=O)OCCCCCCCC,0.872,0.8861100296084208,0.9108167209947537
*CC(*)(C)C(=O)OCCCCCCCCCC,0.852,0.8763084560217321,0.8856543446605293
*CC(*)(C)C(=O)OCCCCCCCCCCCC,0.842,0.87019866134798,0.8730731564934171
*CC(*)(C)C(=O)OCCCCCCCCCCCCCC,0.832,0.8624157440573916,0.8730123104212968
*CC(*)(C)C(=O)OCCCCCCCCCCCCCCCCCC,0.812,0.8551105417113706,0.8676429629458856
*CC(*)(C)C(=O)OCCCl,1.162,1.1214089190056378,1.1182627252741153
*CC(*)(C)C(=O)OCCNC(C)(C)C,0.922,0.9073249833044905,0.9493322549510556
*CC(*)(C)C(=O)OCCO,1.092,1.088452358464007,1.0866315035132168
*CC(*)(C)C(=O)OCCOC,1.012,1.0296502816023436,1.0210214233887294
*CC(*)(C)C(=O)OCCOCC,0.9820000000000001,1.0050175477045646,1.0119161055573231
*CC(*)(C)C(=O)OCCS(=O)CC,1.0819999999999999,1.1132135383390616,1.0840566642936422
*CC(*)(C)C(=O)OCCc1ccccc1,0.9920000000000001,1.0395697763487475,1.0139239301362237
*CC(*)(C)C(=O)OCc1ccccc1,1.0219999999999998,1.0450370577706385,1.0412955223512759
*CC(*)(C)C(=O)Oc1ccc(C#N)cc1,1.1219999999999999,1.0639467309666542,1.1017948417596297
*CC(*)(C)C(=O)Oc1ccc(C(=O)OC)cc1,1.1019999999999999,1.0979431133302024,1.090207722427288
*CC(*)(C)C(=O)Oc1ccc(CC#N)cc1,1.092,1.0557537090246891,1.0866315035132168
*CC(*)(C)C(=O)Oc1ccccc1,1.032,1.0469792811179253,1.0566013468096063
*CC(*)(C)C(C)=O,0.9420000000000001,0.8898250557964289,0.9596977795671047
*CC(*)(C)CC,0.752,0.7823321525850464,0.7838746534750093
*CC(*)(C)c1ccccc1,0.892,0.8665969321918453,0.9286436366134115
*CC(*)(CC(=O)OC)C(=O)OC,1.142,1.0614987791799229,1.109827880459806
*CC(*)(CC(=O)OCCC)C(=O)OCCC,1.012,0.965621077932415,1.0210214233887294
*CC(*)(CC(=O)OCCCCCC)C(=O)OCCCCCC,0.922,0.9277295853845111,0.9493322549510556
*CC(*)(CC)C(=O)Oc1ccccc1,1.0020000000000002,1.0188163592852157,1.0174726767624767
*CC(*)(CCCCCC)CCCCCCCCCC,0.752,0.7901137950067245,0.7838746534750093
*CC(*)(Cl)C(=O)OC,1.342,1.2042299043987434,1.1798442424630087
*CC(*)(Cl)C(=O)OC(C)C,1.162,1.0679981431793506,1.1182627252741153
*CC(*)(Cl)C(=O)OC(C)CC,1.1019999999999999,1.0519621976742535,1.090207722427288
*CC(*)(Cl)C(=O)OC1CCCCC1,1.0619999999999998,1.058973599451702,1.0761314112917242
*CC(*)(Cl)C(=O)OCC,1.242,1.1510981916221545,1.1614865143246353
*CC(*)(Cl)C(=O)OCC(C)C,1.1019999999999999,1.0606132011411675,1.090207722427288
*CC(*)(Cl)C(=O)OCCC,1.162,1.1032578546799114,1.1182627252741153
*CC(*)(Cl)C(=O)OCCCC,1.1019999999999999,1.070463426738795,1.090207722427288
*CC(*)(Cl)CC(=O)OCCC,1.1019999999999999,1.0752319679316542,1.090207722427288
*CC(*)(Cl)Cl,1.592,1.3995679094072306,1.2688175249650142
*CC(*)(Cl)OC(C)=O,1.342,1.201510446654559,1.1798442424630087
*CC(*)(F)C(=O)OC,1.302,1.1778985780646969,1.1727542632205277
*CC(*)(F)F,1.5619999999999998,1.3910286916515544,1.2651550632445563
*CC(*)C,0.752,0.788179056428406,0.7838746534750093
*CC(*)C#N,1.0659999999999998,0.9856762621312938,1.0779015001962924
*CC(*)C#N.*CC(*)c1ccccc1,0.9620000000000001,0.9786074313715378,0.9989970057053028
*CC(*)C#N.*CC(*)c1ccccc1.*CC=CC*,0.9520000000000001,0.9723667309439237,0.9726756004276214
*CC(*)C(=C)OCC(C#N)CCCC,0.932,0.9187725294013895,0.9545691260108019
*CC(*)C(=C)OCC(C#N)CCCCC,0.922,0.9110908871118186,0.9493322549510556
*CC(*)C(=O)CC,0.9420000000000001,0.9351086302368475,0.9596977795671047
*CC(*)C(=O)N(C(C)C)C(C)C,0.872,0.8604088645186102,0.9108167209947537
*CC(*)C(=O)N(C)C,0.9620000000000001,0.9953039421614736,0.9989970057053028
*CC(*)C(=O)N(C)c1ccccc1,1.0219999999999998,1.0437320896486217,1.0412955223512759
*CC(*)C(=O)N(CCCC)CCCC,0.852,0.8806209758217385,0.8856543446605293
*CC(*)C(=O)N1CCOCC1,1.012,1.1079063096633597,1.0210214233887294
*CC(*)C(=O)NC(C)(C)C,0.932,0.8934010262023034,0.9545691260108019
*CC(*)C(=O)NC(C)C,0.9620000000000001,0.945197704692466,0.9989970057053028
*CC(*)C(=O)NC(C)CC,0.932,0.929770719179069,0.9545691260108019
*CC(*)C(=O)NC(C)CCC,0.912,0.9140940511624741,0.9424360488385076
*CC(*)C(=O)NCCCC,0.932,0.9437976055137762,0.9545691260108019
*CC(*)C(=O)NCCCCCCCCCCCCCCCCCC,0.812,0.8574237274303513,0.8676429629458856
*CC(*)C(=O)NN1CCCCC1,0.9620000000000001,1.0214134813037317,0.9989970057053028
*CC(*)C(=O)Nc1ccccc1,1.0819999999999999,1.094994020383242,1.0840566642936422
*CC(*)C(=O)O,1.2719999999999998,1.1839037022765204,1.1694551105750361
*CC(*)C(=O)OC,1.1019999999999999,1.0574929269779305,1.090207722427288
*CC(*)C(=O)OC(C)(C)C,0.9520000000000001,0.9126856815354465,0.9726756004276214
*CC(*)C(=O)OC(C)C,0.9920000000000001,0.9575480202273075,1.0139239301362237
*CC(*)C(=O)OC(C)CC,0.9520000000000001,0.940517016666371,0.9726756004276214
*CC(*)C(=O)OC(C)CC(C)C,0.912,0.9030577364383217,0.9424360488385076
*CC(*)C(=O)OC(C)CCCCCC,0.882,0.8870736847621215,0.9217474305008635
*CC(*)C(=O)OC(CC)CC,0.932,0.9254287442299668,0.9545691260108019
*CC(*)C(=O)OC(CCC(CC)CCCC)CC(C)C,0.832,0.8587076369445592,0.8730123104212968
*CC(*)C(=O)OC1C=C(C)C=CC1,1.0020000000000002,1.0109373746868147,1.0174726767624767
*CC(*)C(=O)OC1CC(C)CC(C)(C)C1,0.892,0.907086276681233,0.9286436366134115
*CC(*)C(=O)OC1CCCCC1,0.9520000000000001,0.9697862984606217,0.9726756004276214
*CC(*)C(=O)OCC,1.032,1.0012470309576476,1.0566013468096063
*CC(*)C(=O)OCC#N,1.262,1.1339131273131178,1.168355393026539
*CC(*)C(=O)OCC(C)(C)C,0.932,0.89907225362663,0.9545691260108019
*CC(*)C(=O)OCC(C)(C)C#N,1.092,0.9877287345299492,1.0866315035132168
*CC(*)C(=O)OCC(C)C,0.9520000000000001,0.9444823060304418,0.9726756004276214
*CC(*)C(=O)OCC(C)CC,0.932,0.9267142485191098,0.9545691260108019
*CC(*)C(=O)OCC(C)CCC,0.912,0.9100853693735595,0.9424360488385076
*CC(*)C(=O)OCC(CC)CC,0.912,0.916223279764846,0.9424360488385076
*CC(*)C(=O)OCC(CC)CCCC,0.882,0.8927920075330751,0.9217474305008635
*CC(*)C(=O)OCC(CCl)(CCl)CCl,1.3119999999999998,1.2335765032828598,1.1738539807690247
*CC(*)C(=O)OCC(F)(F)C(F)(F)C(F)(F)F,1.512,1.399577303566887,1.2473862115166339
*CC(*)C(=O)OCC(F)(F)C(F)(F)OC(F)(F)F,1.342,1.410159654062546,1.1798442424630087
*CC(*)C(=O)OCC(F)(F)C(F)F,1.392,1.3061295620533826,1.2299585854831374
*CC(*)C(=O)OCC(F)(F)F,1.322,1.3036432054515468,1.174953698317522
*CC(*)C(=O)OCC1CO1,0.9620000000000001,1.1440696530471077,0.9989970057053028
*CC(*)C(=O)OCCC,0.9920000000000001,0.9820568194728749,1.0139239301362237
*CC(*)C(=O)OCCC#N,1.1920000000000002,1.0817685774855377,1.1277893385784776
*CC(*)C(=O)OCCC(C)C,0.932,0.9299117372008074,0.9545691260108019
*CC(*)C(=O)OCCC(C)OC,0.9820000000000001,1.0044411588384212,1.0119161055573231
*CC(*)C(=O)OCCCC,0.9520000000000001,0.9554381394445262,0.9726756004276214
*CC(*)C(=O)OCCCCCC,0.912,0.9214223607588392,0.9424360488385076
*CC(*)C(=O)OCCCCCCC,0.892,0.9107538059191591,0.9286436366134115
*CC(*)C(=O)OCCCCCCCC,0.882,0.9011437405739742,0.9217474305008635
*CC(*)C(=O)OCCCCCCCCC,0.872,0.8958159470325713,0.9108167209947537
*CC(*)C(=O)OCCCCCCCCCCCC,0.842,0.8783394534833303,0.8730731564934171
*CC(*)C(=O)OCCCCCCCCCCCCCCCC,0.822,0.8643450630015987,0.8729514643491765
*CC(*)C(=O)OCCCCCCCCCCCCCCCCCC,0.822,0.8600656002018212,0.8729514643491765
*CC(*)C(=O)OCCCCCCSCC#N,1.072,1.0422914031850525,1.0805566335531447
*CC(*)C(=O)OCCCCSC,1.032,1.050520578336711,1.0566013468096063
*CC(*)C(=O)OCCCOC,1.012,1.0481667351462813,1.0210214233887294
*CC(*)C(=O)OCCCSC,1.072,1.0769348353747472,1.0805566335531447
*CC(*)C(=O)OCCCSCCC#N,1.1520000000000001,1.0830825630221947,1.1140453028669608
*CC(*)C(=O)OCCOC,1.052,1.0832432026532754,1.0714801264629117
*CC(*)C(=O)OCCOCC,1.012,1.047268225732088,1.0210214233887294
*CC(*)C(=O)OCCOCC(F)(F)C(F)(F)C(F)(F)F,1.412,1.3690814673176175,1.23009052972864
*CC(*)C(=O)OCCOCC(F)(F)F,1.2520000000000002,1.272582173405491,1.1672556754780419
*CC(*)C(=O)OCCOCCC#N,1.1320000000000001,1.0941091746833032,1.1058037318797027
*CC(*)C(=O)OCCSC,1.1219999999999999,1.1121839577313006,1.1017948417596297
*CC(*)C(=O)OCCSC#N,1.342,1.1731187094342603,1.1798442424630087
*CC(*)C(=O)OCCSCC,1.072,1.0698256497024863,1.0805566335531447
*CC(*)C(=O)OCCSCCC#N,1.202,1.110936679392676,1.134528773727709
*CC(*)C(=O)OCCSCCCC#N,1.1520000000000001,1.0830100159147478,1.1140453028669608
*CC(*)C(=O)OCCc1ccccc1,1.0219999999999998,1.0717009705496778,1.0412955223512759
*CC(*)C(=O)OCF,1.202,1.2095262683563426,1.134528773727709
*CC(*)C(=O)OCc1c(Br)c(Br)c(Br)c(Br)c1Br,1.452,1.5977540773854235,1.2303544182196453
*CC(*)C(=O)OCc1c(F)c(F)c(F)c(F)c1F,0.852,1.2788339344689788,0.8856543446605293
*CC(*)C(=O)OCc1ccc(C#N)cc1,1.162,1.1015823176796704,1.1182627252741153
*CC(*)C(=O)OCc1ccco1,1.1520000000000001,1.1398973616645567,1.1140453028669608
*CC(*)C(=O)Oc1ccc(-c2ccccc2)cc1,1.052,1.095842803073218,1.0714801264629117
*CC(*)C(=O)Oc1ccc(C#N)cc1,1.162,1.125544628204117,1.1182627252741153
*CC(*)C(=O)Oc1ccc(C(=O)OC)cc1,1.1320000000000001,1.1461847819046094,1.1058037318797027
*CC(*)C(=O)Oc1ccc(C(=O)OCC)cc1,1.1019999999999999,1.1182550554589146,1.090207722427288
*CC(*)C(=O)Oc1ccc(C(=O)OCCCC)cc1,1.052,1.0747349701246174,1.0714801264629117
*CC(*)C(=O)Oc1ccc(C(C)(C)C)cc1,0.9620000000000001,0.9622363998600245,0.9989970057053028
*CC(*)C(=O)Oc1ccc(C)cc1,1.032,1.050487265355026,1.0566013468096063
*CC(*)C(=O)Oc1ccc(Cl)cc1,1.032,1.2151950692001965,1.0566013468096063
*CC(*)C(=O)Oc1ccc(OC)cc1,1.0419999999999998,1.1180055125919615,1.0640407366362588
*CC(*)C(=O)Oc1ccc2ccccc2c1,1.0619999999999998,1.1198688164238666,1.0761314112917242
*CC(*)C(=O)Oc1cccc(C(=O)OC)c1,1.1320000000000001,1.1501461502190415,1.1058037318797027
*CC(*)C(=O)Oc1cccc(C(=O)OCC)c1,1.1019999999999999,1.1253095769283448,1.090207722427288
*CC(*)C(=O)Oc1cccc(N(C)C)c1,1.0219999999999998,1.0876531338576363,1.0412955223512759
*CC(*)C(=O)Oc1ccccc1C,1.032,1.0667177155594563,1.0566013468096063
*CC(*)C(=O)Oc1ccccc1C(=O)OC,1.1320000000000001,1.1494023784154432,1.1058037318797027
*CC(*)C(=O)Oc1ccccc1C(=O)OCC,1.1019999999999999,1.1250679960250018,1.090207722427288
*CC(*)C(=O)Oc1ccccc1C(C)(C)C,0.9620000000000001,0.9634560289883944,0.9989970057053028
*CC(*)C(=O)[O-]->[Na+],1.1019999999999999,1.2428661462900845,1.090207722427288
*CC(*)C(=O)c1ccccc1,1.0419999999999998,1.0688102042821424,1.0640407366362588
*CC(*)C(C)(C)C,0.752,0.7721536673216178,0.7838746534750093
*CC(*)C(C)=O,1.0020000000000002,0.9638353127108525,1.0174726767624767
*CC(*)C(C)C,0.752,0.7679701293436358,0.7838746534750093
*CC(*)C(N)=O,1.2320000000000002,1.1626447010926932,1.154747079175404
*CC(*)C1=C(OC(C)C)C=CC(Br)C1,1.092,1.127937158028705,1.0866315035132168
*CC(*)C1=C(OC)C=CC(Br)C1,1.1720000000000002,1.2094703235401967,1.120052302949582
*CC(*)C1=C(OCC)C=CC(Br)C1,1.1320000000000001,1.1714150468575506,1.1058037318797027
*CC(*)C1=C(OCCC(C)C)C=CC(Br)C1,1.0419999999999998,1.1053167445425633,1.0640407366362588
*CC(*)C1=C(OCCC)C=CC(Br)C1,1.092,1.151272729292165,1.0866315035132168
*CC(*)C1=C(OCCCC)C=CC(Br)C1,1.0619999999999998,1.1262399568417694,1.0761314112917242
*CC(*)C1=C(OCCCCC)C=CC(Br)C1,1.0419999999999998,1.107006696503601,1.0640407366362588
*CC(*)C1=CC(c2ccc(-c3ccccc3)cc2)CC=C1,0.9420000000000001,0.982796061874228,0.9596977795671047
*CC(*)C1=CCC(c2ccc(-c3ccccc3)cc2)C=C1,0.9420000000000001,0.9849288956052384,0.9596977795671047
*CC(*)C1CCCC1,0.782,0.8425703720514901,0.8400389682483111
*CC(*)C1CCCCC1,0.782,0.8263912918891053,0.8400389682483111
*CC(*)C=C,0.812,0.8269851768837237,0.8676429629458856
*CC(*)CC,0.752,0.7908174281229141,0.7838746534750093
*CC(*)CC(C)(C)C,0.752,0.7663612478321505,0.7838746534750093
*CC(*)CC(C)C,0.752,0.7708788245012802,0.7838746534750093
*CC(*)CC.*CC(*)c1ccccc1.*CC(*)c1ccccc1.*CC*,0.792,0.9041932267633748,0.8553331680969909
*CC(*)CC1CCCC1,0.782,0.8457050566329356,0.8400389682483111
*CC(*)CC1CCCCC1,0.772,0.83283847283417,0.8213175299905439
*CC(*)CCC,0.752,0.783039967884297,0.7838746534750093
*CC(*)CCC(C)(C)C,0.752,0.7777937516032429,0.7838746534750093
*CC(*)CCC(C)C,0.752,0.7766830872194933,0.7838746534750093
*CC(*)CCCC,0.752,0.7825801547097005,0.7838746534750093
*CC(*)CCCC(C)(C)C,0.752,0.7817052220962524,0.7838746534750093
*CC(*)CCCC(C)C,0.752,0.7819769631331437,0.7838746534750093
*CC(*)CCCCC,0.752,0.7836757842420816,0.7838746534750093
*CC(*)CCCCCC,0.752,0.7909381297418203,0.7838746534750093
*CC(*)CCCCCCC,0.752,0.7930595902928896,0.7838746534750093
*CC(*)CCCCCCCC,0.752,0.7933517864405913,0.7838746534750093
*CC(*)CCCCCCCCC,0.752,0.7950660186181389,0.7838746534750093
*CC(*)CCCCCCCCCCCCCC,0.752,0.79937565114907,0.7838746534750093
*CC(*)COOc1cccc(Cl)c1,0.9820000000000001,1.168524212644588,1.0119161055573231
*CC(*)COOc1ccccc1Cl,0.9820000000000001,1.1713543496109338,1.0119161055573231
*CC(*)Cl,1.282,1.2478979516959843,1.1705548281235332
*CC(*)N1CCCC1=O,0.9920000000000001,1.04884263328996,1.0139239301362237
*CC(*)O,1.092,1.0942115178929293,1.0866315035132168
*CC(*)OC,0.912,0.9679529650017391,0.9424360488385076
*CC(*)OC(=O)C(F)(F)F,1.202,1.3479425153741542,1.134528773727709
*CC(*)OC(=O)CC,1.032,1.0039638894209064,1.0566013468096063
*CC(*)OC(=O)CCC,0.9920000000000001,0.9798618131944705,1.0139239301362237
*CC(*)OC(=O)CCCC,0.9520000000000001,0.9545928985688874,0.9726756004276214
*CC(*)OC(=O)CCCCC,0.932,0.9379678068318391,0.9545691260108019
*CC(*)OC(=O)CCl,1.342,1.2371077957208148,1.1798442424630087
*CC(*)OC(=O)c1ccccc1,1.1019999999999999,1.1115113404350658,1.090207722427288
*CC(*)OC(C)=O,1.1019999999999999,1.048077436398073,1.090207722427288
*CC(*)OC(C)=O.*CC*,0.812,1.0035587426802983,0.8676429629458856
*CC(*)OC(C)C,0.852,0.8572516651494415,0.8856543446605293
*CC(*)OC=O,1.222,1.1533711153021304,1.1480076440261722
*CC(*)OCC,0.872,0.913933443271826,0.9108167209947537
*CC(*)OCC(C)C,0.832,0.8651994564216512,0.8730123104212968
*CC(*)OCCC,0.852,0.8949405429092615,0.8856543446605293
*CC(*)OCCCC,0.832,0.8787946490077905,0.8730123104212968
*CC(*)OCCCCCC,0.812,0.8640923693767117,0.8676429629458856
*CC(*)OCCCCCCCC,0.802,0.8534103065008816,0.8614880655214383
*CC(*)SC,1.072,1.0489541851663118,1.0805566335531447
*CC(*)SCC,0.9820000000000001,0.9930188175473041,1.0119161055573231
*CC(*)SCCC,0.922,0.956781425747502,0.9493322549510556
*CC(*)SCCCC,0.882,0.9309118140677863,0.9217474305008635
*CC(*)Sc1ccccc1,1.032,1.083508860546581,1.0566013468096063
*CC(*)c1c(Cl)cccc1Cl,1.222,1.2142442512857925,1.1480076440261722
*CC(*)c1cc(C(C)C)ccc1C(C)C,0.832,0.8357775174050459,0.8730123104212968
*CC(*)c1cc(C)cc(C)c1,0.872,0.8986523475713941,0.9108167209947537
*CC(*)c1cc(C)ccc1C,0.872,0.8961044271856968,0.9108167209947537
*CC(*)c1cc(C)ccc1F,0.932,0.9678910554083231,0.9545691260108019
*CC(*)c1cc(Cl)ccc1Cl,1.222,1.2129074691750643,1.1480076440261722
*CC(*)c1cc(F)ccc1F,0.922,1.0886877378439128,0.9493322549510556
*CC(*)c1ccc(-c2ccccc2)cc1,0.9620000000000001,0.9922737406416247,0.9989970057053028
*CC(*)c1ccc(Br)cc1,1.222,1.2646031000861861,1.1480076440261722
*CC(*)c1ccc(C(=O)CCC)cc1,0.9420000000000001,0.9719392331291767,0.9596977795671047
*CC(*)c1ccc(C(=O)CCCCC)cc1,0.912,0.9469995525785087,0.9424360488385076
*CC(*)c1ccc(C(=O)N(C)C)cc1,0.9920000000000001,1.0056517410051544,1.0139239301362237
*CC(*)c1ccc(C(=O)N(CC)CC)cc1,0.9520000000000001,0.970146335172842,0.9726756004276214
*CC(*)c1ccc(C(=O)O)cc1,1.1320000000000001,1.099887628613477,1.1058037318797027
*CC(*)c1ccc(C(=O)OCC(C)C)cc1,0.9720000000000001,0.9799510175028563,1.0099746699101677
*CC(*)c1ccc(C(=O)OCC)cc1,1.0219999999999998,1.0156866868575147,1.0412955223512759
*CC(*)c1ccc(C(=O)OCCCC)cc1,0.9720000000000001,0.9886985067057754,1.0099746699101677
*CC(*)c1ccc(C(=O)OCCCCCC)cc1,0.932,0.9656419260598922,0.9545691260108019
*CC(*)c1ccc(C(=O)OCCN(C)C)cc1,0.9820000000000001,1.0294871170442286,1.0119161055573231
*CC(*)c1ccc(C(=O)c2ccccc2)cc1,1.032,1.0628843335678737,1.0566013468096063
*CC(*)c1ccc(C(C)(C)C)cc1,0.842,0.8531885092733245,0.8730731564934171
*CC(*)c1ccc(C(C)(C)O)cc1,0.932,0.9398923869567898,0.9545691260108019
*CC(*)c1ccc(C(C)(O)CC)cc1,0.922,0.9340679229386368,0.9493322549510556
*CC(*)c1ccc(C(C)(O)CCC)cc1,0.902,0.9200838610983806,0.9355398427259596
*CC(*)c1ccc(C(C)(O)CCCC)cc1,0.892,0.912013546609631,0.9286436366134115
*CC(*)c1ccc(C(C)=O)cc1,1.0020000000000002,1.0087726550481395,1.0174726767624767
*CC(*)c1ccc(C(C)CC)cc1,0.842,0.8730312843496721,0.8730731564934171
*CC(*)c1ccc(C(O)CN2CCCCC2)cc1,0.912,0.9862688710357737,0.9424360488385076
*CC(*)c1ccc(C(O)CN2CCOCC2)cc1,0.9620000000000001,1.0570933245505207,0.9989970057053028
*CC(*)c1ccc(C)c(C)c1,0.872,0.9008220428172048,0.9108167209947537
*CC(*)c1ccc(C)cc1,0.892,0.8959808280299306,0.9286436366134115
*CC(*)c1ccc(CC)cc1,0.872,0.9084511344243588,0.9108167209947537
*CC(*)c1ccc(CCCC)cc1,0.842,0.8906078740127785,0.8730731564934171
*CC(*)c1ccc(CCCCCC)cc1,0.832,0.8773143487071432,0.8730123104212968
*CC(*)c1ccc(CCCCCCCCCC)cc1,0.812,0.8631150699596517,0.8676429629458856
*CC(*)c1ccc(CCCCCCCCCCCC)cc1,0.802,0.8561180307999983,0.8614880655214383
*CC(*)c1ccc(CCCCCCCCCCCCCCCC)cc1,0.792,0.8499068256723575,0.8553331680969909
*CC(*)c1ccc(CO)cc1,0.9920000000000001,1.0216809115037162,1.0139239301362237
*CC(*)c1ccc(COCC(O)CC)cc1,0.9420000000000001,0.9900455029863551,0.9596977795671047
*CC(*)c1ccc(COCCCC)cc1,0.882,0.9404961684250437,0.9217474305008635
*CC(*)c1ccc(COCCCCC)cc1,0.872,0.9298642183312127,0.9108167209947537
*CC(*)c1ccc(COCCCCO)cc1,0.9420000000000001,1.0146351336076527,0.9596977795671047
*CC(*)c1ccc(Cl)c(C)c1,1.032,1.0504645081016948,1.0566013468096063
*CC(*)c1ccc(Cl)c(Cl)c1,1.222,1.2095083768058086,1.1480076440261722
*CC(*)c1ccc(Cl)c(F)c1,1.1219999999999999,1.1576884798523095,1.1017948417596297
*CC(*)c1ccc(Cl)cc1,1.072,1.0929095606851267,1.0805566335531447
*CC(*)c1ccc(Cl)cc1C,1.032,1.0555304131694008,1.0566013468096063
*CC(*)c1ccc(Cl)cc1Cl,1.222,1.2128687339128976,1.1480076440261722
*CC(*)c1ccc(F)cc1,0.9620000000000001,1.0162896849595806,0.9989970057053028
*CC(*)c1ccc(F)cc1F,0.922,1.083109515053484,0.9493322549510556
*CC(*)c1ccc(I)cc1,1.2719999999999998,1.1415933780556924,1.1694551105750361
*CC(*)c1ccc(O)cc1,1.0020000000000002,1.0252410549797752,1.0174726767624767
*CC(*)c1ccc(OC)cc1,0.9420000000000001,0.9942552217603979,0.9596977795671047
*CC(*)c1ccc(OCC)cc1,0.922,0.9714262764384356,0.9493322549510556
*CC(*)c1ccc(OCCCC)cc1,0.882,0.9430057732839803,0.9217474305008635
*CC(*)c1cccc(C)c1,0.892,0.9109469211975957,0.9286436366134115
*CC(*)c1cccc(CC)c1,0.872,0.9118702334779596,0.9108167209947537
*CC(*)c1cccc(CO)c1,0.9920000000000001,1.0276873172229153,1.0139239301362237
*CC(*)c1cccc(Cl)c1,1.072,1.1003162413109926,1.0805566335531447
*CC(*)c1ccccc1,0.922,0.9368761416558304,0.9493322549510556
*CC(*)c1ccccc1C,0.892,0.9048108265803406,0.9286436366134115
*CC(*)c1ccccc1C(=O)N(C)C,0.9920000000000001,0.9972902096408998,1.0139239301362237
*CC(*)c1ccccc1C(=O)O,1.1320000000000001,1.1031737130440862,1.1058037318797027
*CC(*)c1ccccc1C(=O)OCC,1.0219999999999998,1.0261123581401526,1.0412955223512759
*CC(*)c1ccccc1C(=O)OCC(C)C,0.9720000000000001,0.9855262714229673,1.0099746699101677
*CC(*)c1ccccc1C(=O)OCCC(C)C,0.9520000000000001,0.9781195656377846,0.9726756004276214
*CC(*)c1ccccc1C(=O)OCCCC,0.9720000000000001,0.9948994348883016,1.0099746699101677
*CC(*)c1ccccc1C(=O)OCCCCCC,0.932,0.9740026487801037,0.9545691260108019
*CC(*)c1ccccc1C(=O)OCCN(C)C,0.9820000000000001,1.038292642160232,1.0119161055573231
*CC(*)c1ccccc1CC,0.872,0.9127264832728978,0.9108167209947537
*CC(*)c1ccccc1CO,0.9920000000000001,1.0251466144067933,1.0139239301362237
*CC(*)c1ccccc1COCC,0.912,0.9713531334913716,0.9424360488385076
*CC(*)c1ccccc1COCCCC,0.882,0.9418008157612461,0.9217474305008635
*CC(*)c1ccccc1Cl,1.072,1.1039824826319626,1.0805566335531447
*CC(*)c1ccccc1OC,0.9420000000000001,0.9926876583912506,0.9596977795671047
*CC(*)c1ccccn1,1.0020000000000002,1.0032011365512263,1.0174726767624767
*CC(*)c1ccncc1,0.9820000000000001,1.0069648039521795,1.0119161055573231
*CC(*)n1c2ccccc2c2ccccc21,1.012,1.0636128399908795,1.0210214233887294
*CC(C)(C)C(=O)O*,1.032,0.9741289376318399,1.0566013468096063
*CC(C)C(*)=O,1.0020000000000002,0.9919373557400324,1.0174726767624767
*CC(C)C(=O)OCC(F)(F)C(*)(F)F,1.4020000000000001,1.2668118251151603,1.2300245576058888
*CC(C)O*,0.912,0.9664833589072845,0.9424360488385076
*CC(C)OC(=O)O*,1.1920000000000002,1.1348232940410639,1.1277893385784776
*CC(C)OCO*,0.9720000000000001,1.0167945009153296,1.0099746699101677
*CC(C)Oc1ccc(O*)cc1,0.9920000000000001,1.0576849592061448,1.0139239301362237
*CC(CC(*)C(=O)OCC(C)O)C(=O)OC(C)CO,1.1720000000000002,1.0808807261056714,1.120052302949582
*CC(COC)O*,0.9720000000000001,1.0334919536911478,1.0099746699101677
*CC(COCCCC)O*,0.892,0.9344077035832226,0.9286436366134115
*CC(COCCCCCC)O*,0.862,0.9059243671929369,0.8982355328276415
*CC(O)COc1ccc(C(C)(C)c2ccc(O*)cc2)cc1,1.0020000000000002,1.0614520763129414,1.0174726767624767
*CC(O)COc1ccc(C(C)(C)c2ccc(OCC(O)CNCCCCCCCCN*)cc2)cc1,0.9520000000000001,1.006672792018105,0.9726756004276214
*CC(O)COc1ccc(C(C)(C)c2ccc(OCC(O)CNCCCCCCN*)cc2)cc1,0.9720000000000001,1.0114308871413256,1.0099746699101677
*CC(O)COc1ccc(Cc2ccc(O*)cc2)cc1,1.0419999999999998,1.1195058008372398,1.0640407366362588
*CC(O*)c1ccccc1,0.9920000000000001,1.0655451105803295,1.0139239301362237
*CC*,0.802,0.8405998787886682,0.8614880655214383
*CC1CC(*)OC(CCC)O1,0.9520000000000001,0.9603302496483914,0.9726756004276214
*CC=C(C)C*,0.802,0.8317538786394075,0.8614880655214383
*CC=C(C*)C(C)(C)C,0.782,0.8098850063416041,0.8400389682483111
*CC=C(Cl)C*,1.1320000000000001,1.1139559950115225,1.1058037318797027
*CC=CC(*)C,0.802,0.8329164527797677,0.8614880655214383
*CC=CC*,0.812,0.84808964423398,0.8676429629458856
*CCC(*)=O,1.0819999999999999,1.0757562357651869,1.0840566642936422
*CCC=C(*)C,0.802,0.8336268283670912,0.8614880655214383
*CCC=C(*)CC,0.792,0.8317741921169066,0.8553331680969909
*CCCC(C)CC*,0.752,0.8071942476464791,0.7838746534750093
*CCCCC(=O)OCCCCOC(*)=O,1.032,1.054901942031526,1.0566013468096063
*CCCCCCCC(=O)N*,0.912,0.9523375582512654,0.9424360488385076
*CCCCCCCC(=O)OCCOC(*)=O,1.012,1.0319581236573216,1.0210214233887294
*CCCCCCCCC(=O)OCCCCCCCCCCOC(*)=O,0.892,0.9351030874393493,0.9286436366134115
*CCCCCCCCCCC(=O)N*,0.872,0.9132845824054332,0.9108167209947537
*CCCCCCCCCCCC(=O)N*,0.862,0.904480849730766,0.8982355328276415
*CCCCCCCCO*,0.812,0.8813616795175192,0.8676429629458856
*CCCCCCNC(=O)CCCCC(=O)N*,0.9620000000000001,1.0044228336904646,0.9989970057053028
*CCCCCCNC(=O)CCCCCCCCC(=O)N*,0.912,0.9562955301744609,0.9424360488385076
*CCCCCCNC(=O)CCCCCCCCCCC(=O)N*,0.892,0.9402325263742561,0.9286436366134115
*CCCCCCO*,0.832,0.9059192407140519,0.8730123104212968
*CCCCO*,0.872,0.9471292941557471,0.9108167209947537
*CCCCOC(=O)c1cccc(C(=O)O*)c1,1.1520000000000001,1.1406727697033605,1.1140453028669608
*CCCCOCO*,0.9420000000000001,1.0117118766967972,0.9596977795671047
*CCCOC(=O)c1ccc(C(=O)O*)cc1,1.1920000000000002,1.1684605868084943,1.1277893385784776
*CCO*,0.9720000000000001,1.0733913739223349,1.0099746699101677
*CCO*.OCC1OC2OC3C(CO)OC(OC4C(CO)OC(OC5C(CO)OC(OC6C(CO)OC(OC7C(CO)OC(OC1C(O)C2O)C(O)C7O)C(O)C6O)C(O)C5O)C(O)C4O)C(O)C3O,1.182,1.2368839480025011,1.1218418806250485
*CCOC(=O)O*,1.282,1.2357950593183444,1.1705548281235332
*CCOC(=O)c1ccc(C(=O)O*)cc1,1.242,1.19887326175924,1.1614865143246353
*CCOC(=O)c1cccc(C(=O)O*)c1,1.242,1.2025797389822463,1.1614865143246353
*CCOC(=O)c1ccccc1C(=O)O*,1.2320000000000002,1.2013588255468453,1.154747079175404
*CCOCO*,1.032,1.1084312134313874,1.0566013468096063
*CCOc1ccc(C(=O)O*)cc1,1.142,1.1634792882651905,1.109827880459806
*CCS*,1.092,1.193590865391741,1.0866315035132168
*Cc1ccc(*)cc1OCC(O)COC(=O)C(=C)C,0.9720000000000001,1.0861562560063103,1.0099746699101677
*Cc1ccc(C*)c(Cl)c1,1.202,1.1336389923347752,1.134528773727709
*NC(C)CC(*)=O,1.0619999999999998,1.0629309773636288,1.0761314112917242
*NC1CCC(CC2CCC(NC(=O)CCCCCCCCCCC(*)=O)CC2)CC1,0.892,0.9370037314160196,0.9286436366134115
*NC1CNC(NC(=O)CCCCCCCCC(*)=O)CN1,1.0219999999999998,1.0397813031811047,1.0412955223512759
*NCC(C)(C)CC(C)CCNC(=O)c1ccc(C(*)=O)cc1,1.012,1.0145922016196829,1.0210214233887294
*NCCC(C)CC(C)(C)CNC(=O)c1ccc(C(*)=O)cc1,1.0020000000000002,1.0095408584568892,1.0174726767624767
*NCCCCCC(*)=O,0.9620000000000001,1.0130944354236664,0.9989970057053028
*NCCCCCCCCC(*)=O,0.892,0.9496454778136669,0.9286436366134115
*NCCCCCCCCCC(*)=O,0.882,0.9361920595760937,0.9217474305008635
*NCCCCCCCCCCNC(=O)CCCCCCCC(*)=O,0.892,0.9371147178640651,0.9286436366134115
*NCCCCCCCCCNC(=O)CCCCCCCC(*)=O,0.892,0.9420161309708375,0.9286436366134115
*NCCCCCCCCCNC(=O)CCCCCCCCC(*)=O,0.892,0.9355198492779443,0.9286436366134115
*NCCCCCCCCNC(=O)CCCCCCC(*)=O,0.912,0.9554197687952336,0.9424360488385076
*NCCCCCCCNC(=O)CCCCCC(*)=O,0.932,0.9774596442214678,0.9545691260108019
*NCCCCCCNC(=O)c1ccc(C(*)=O)cc1,1.072,1.0829982738189454,1.0805566335531447
*NCc1ccc(CNC(=O)CCCCCCCCC(*)=O)cc1,0.9820000000000001,1.0291048153350826,1.0119161055573231
*Nc1ccc(NC(=O)c2ccc(C(*)=O)cc2)cc1,1.282,1.1816434139837115,1.1705548281235332
*Nc1ccc(NC(=O)c2ccc(C(*)=O)cc2)cc1,1.322,1.1816434139837115,1.174953698317522
*Nc1cccc(NC(=O)c2cccc(C(*)=O)c2)c1,1.282,1.1803830840010257,1.1705548281235332
*OC(*)C,0.9720000000000001,1.0217122303693493,1.0099746699101677
*OC(=O)C(*)C,1.1920000000000002,1.1076380886068242,1.1277893385784776
*OC(=O)CC(*)C,1.1019999999999999,1.056028870011182,1.090207722427288
*OC(=O)CCCCCCCC(*)=O,1.0219999999999998,1.0333914629556875,1.0412955223512759
*OC(=O)Oc1c(Cl)cc(C2(c3cc(Cl)c(*)c(Cl)c3)CCCCC2)cc1Cl,1.3119999999999998,1.2022752315176803,1.1738539807690247
*OC(=O)Oc1ccc(-c2ccc(Cc3ccc(-c4ccc(*)cc4)cc3)cc2)cc1,1.092,1.1034380149147498,1.0866315035132168
*OC(=O)Oc1ccc(C(C)(C)c2ccc(*)c(C)c2)cc1C,1.0419999999999998,1.0135626839466165,1.0640407366362588
*OC(=O)Oc1ccc(C(C)(C)c2ccc(*)c(Cl)c2)cc1Cl,1.222,1.1707206331649251,1.1480076440261722
*OC(=O)Oc1ccc(C(C)(C)c2ccc(*)cc2)cc1,1.0819999999999999,1.0751290574312236,1.0840566642936422
*OC(=O)Oc1ccc(C(C)(CCC)c2ccc(*)cc2)cc1,1.0419999999999998,1.0302897867547647,1.0640407366362588
*OC(=O)Oc1ccc(C(C)(CCCC)c2ccc(*)cc2)cc1,1.032,1.0178477642195274,1.0566013468096063
*OC(=O)Oc1ccc(C(C)(c2ccccc2)c2ccc(*)cc2)cc1,1.092,1.0749376616785036,1.0866315035132168
*OC(=O)Oc1ccc(C(C)c2ccc(*)cc2)cc1,1.112,1.103244478327231,1.096001282093459
*OC(=O)Oc1ccc(C(CCC)c2ccc(*)cc2)cc1,1.0619999999999998,1.055178476935493,1.0761314112917242
*OC(=O)Oc1ccc(C2(c3ccc(*)cc3)CCCC2)cc1,1.072,1.0833471169476554,1.0805566335531447
*OC(=O)Oc1ccc(C2(c3ccc(*)cc3)CCCCC2)cc1,1.052,1.0627745927995798,1.0714801264629117
*OC(=O)Oc1ccc(CC(C)(C)c2ccc(*)cc2)cc1,1.0619999999999998,1.0604046024110514,1.0761314112917242
*OC(=O)Oc1ccc(Sc2ccc(*)cc2)cc1,1.2120000000000002,1.2028376036863841,1.1412682088769408
*OC(=O)c1ccc(*)cc1,1.202,1.1720360944483652,1.134528773727709
*OC(=O)c1ccc(CCCCCc2ccc(C(*)=O)cc2)cc1,1.072,1.0864888948710494,1.0805566335531447
*OC(=O)c1ccc(CCCCc2ccc(C(*)=O)cc2)cc1,1.092,1.0997475159126933,1.0866315035132168
*OC(=O)c1ccc(Oc2ccc(OCCCCC(*)=O)cc2)cc1,1.092,1.1483378705919123,1.0866315035132168
*OC(C)C(*)C,0.872,0.8982046540196943,0.9108167209947537
*OCC(*)CCl,1.2320000000000002,1.1929192493210825,1.154747079175404
*OCC1CC(O)C(O)C(OC2C(CO)OC(OC3C(CO)OC(O*)C(O)C3O)C(O)C2O)O1,1.3820000000000001,1.211959321977901,1.2199357168791118
*OCCC(*)(CCl)CCl,1.2520000000000002,1.2176047334553028,1.1672556754780419
*OCCC(=O)/C=C/C(=O)OCCOC(=O)c1ccccc1C(=O)O*,1.052,1.1998481890561845,1.0714801264629117
*OCCCCCCOC(=O)CCCCCCCCC(*)=O,0.932,0.9653421889149493,0.9545691260108019
*OCCCCOC(=O)CCC(*)=O,1.142,1.1078285577974025,1.109827880459806
*OCCCCOC(=O)CCCCC(*)=O.*OCCCCOC(=O)c1ccc(C(*)=O)cc1,0.9820000000000001,1.114465343683455,1.0119161055573231
*OCCCCOC(=O)CCCCCCCCC(*)=O,0.9520000000000001,0.9894428355670024,0.9726756004276214
*OCCCCOC(=O)Nc1ccc(Cc2ccc(NC(*)=O)cc2)cc1,1.1520000000000001,1.1378867510119823,1.1140453028669608
*OCCCCOC(=O)c1ccc(C(*)=O)cc1,1.182,1.1435632802303966,1.1218418806250485
*OCCCOC(=O)CCC(*)=O,1.142,1.1465526868459506,1.109827880459806
*OCCOC(=O)CCC(*)=O,1.1920000000000002,1.1827455552270367,1.1277893385784776
*OCCOC(=O)CCCCCCCCC(*)=O,0.9920000000000001,1.0203654917882194,1.0139239301362237
*OCCOC(=O)Nc1ccc(Cc2ccc(NC(*)=O)cc2)cc1,1.2520000000000002,1.1720823368039754,1.1672556754780419
*OCCOC(=O)Nc1ccc(Cc2ccc(NC(*)=O)cc2)cc1,1.202,1.1720823368039754,1.134528773727709
*OCCOC(=O)c1ccc2cc(C(*)=O)ccc2c1,1.2120000000000002,1.1857148866825293,1.1412682088769408
*OCCOCCOC(=O)NCCCCCCNC(*)=O,1.0819999999999999,1.0955131847972792,1.0840566642936422
*OCCOCCOCCOCCOC(=O)NCCCCCCNC(*)=O,1.052,1.0885304620201641,1.0714801264629117
*Oc1c(-c2ccccc2)cc(*)cc1-c1ccccc1,1.0219999999999998,1.0291927352808745,1.0412955223512759
*Oc1c(C)cc(*)cc1C,0.9520000000000001,0.9636144678999758,0.9726756004276214
*Oc1c(C)cc(C(C)(C)c2cc(C)c(OC(*)=O)c(C)c2)cc1C,1.012,0.9707584182103286,1.0210214233887294
*Oc1c(Cl)cc(C(C)(C)c2cc(Cl)c(OC(*)=O)c(Cl)c2)cc1Cl,1.282,1.2415087696664229,1.1705548281235332
*Oc1ccc(-c2ccc(Oc3ccc(S(=O)(=O)c4ccc(*)cc4)cc3)cc2)cc1,1.1720000000000002,1.1873137825068083,1.120052302949582
*Oc1ccc(C(=O)c2ccc(Oc3ccc(*)cc3)cc2)cc1,1.1720000000000002,1.153224063191678,1.120052302949582
*Oc1ccc(C(C)(C)c2ccc(OC(*)=O)cc2)cc1,1.0819999999999999,1.0887176187176046,1.0840566642936422
*Oc1ccc(C(C)(C)c2ccc(OC(=O)c3ccc(C(*)=O)cc3)cc2)cc1,1.1019999999999999,1.1063951400436824,1.090207722427288
*Oc1ccc(C(C)(CC)c2ccc(OC(*)=O)cc2)cc1,1.0619999999999998,1.0623188264677101,1.0761314112917242
*Oc1ccc(Cc2ccc(OC(*)=O)cc2)cc1,1.1320000000000001,1.1540957816456792,1.1058037318797027
*SCC(*)C,0.9720000000000001,1.0797565679428995,1.0099746699101677
*Sc1ccc(*)cc1,1.242,1.2129850695814768,1.1614865143246353
*c1cc(C)c2cc(*)ccc2c1,0.9920000000000001,0.9582369301781344,1.0139239301362237
*c1ccc(C(F)(F)C(*)(F)F)cc1,1.302,1.259839651195178,1.1727542632205277
*c1cccc(-c2nc3ccc(-c4ccc5nc(*)[nH]c5c4)cc3[nH]2)c1,1.302,1.1095340765901902,1.1727542632205277
C(CCOCC1CO1)COCC1CO1,0.9820000000000001,1.0384012280536947,1.0119161055573231
C1=CC2CCC1C2.C=C,0.902,0.8775512148368205,0.9355398427259596
C=CC=C.C=Cc1ccccc1,0.807,0.9046980348502168,0.8645655142336619
CC(=O)C(=S)C=O,1.492,1.223467022281593,1.2391121959394156
CC(=O)C(=S)c1ccccc1,1.342,1.1249167943974594,1.1798442424630087
CC(=O)C(=S)c1cccs1,1.472,1.202314153104709,1.2308381803621973
CC(=O)C(O)=S,1.472,1.2321960811222947,1.2308381803621973
CC(=O)CC=O,1.242,1.078607031768577,1.1614865143246353
CC(=O)CC=S,1.3319999999999999,1.1390434519427626,1.1760534158660192
CC(=O)CO,1.1920000000000002,1.080241655460691,1.1277893385784776
CC(=O)Cc1ccccc1,1.0619999999999998,1.0212268366757336,1.0761314112917242
CC(=O)Cc1cccs1,1.3319999999999999,1.1198907789107044,1.1760534158660192
CC(=O)NC=O,1.342,1.1638700984627002,1.1798442424630087
CC(=O)NC=S,1.472,1.2208605473531968,1.2308381803621973
CC(=O)NCC(N)=O,1.262,1.154499627342566,1.168355393026539
CC(=O)Nc1ccccc1,1.182,1.0745157025316296,1.1218418806250485
CC(=O)Nc1cccs1,1.5419999999999998,1.1755636224425328,1.259797234882461
CC(=O)OC=O,1.3719999999999999,1.1752867899750263,1.2099128482750858
CC(=O)OC=S,1.472,1.2140457536672622,1.2308381803621973
CC(=O)OCC(=O)O,1.322,1.1809635688240494,1.174953698317522
CC(=O)Oc1ccccc1,1.142,1.0726611673671878,1.109827880459806
CC(=O)Oc1cccs1,1.222,1.165622950554958,1.1480076440261722
CC(=O)c1ccc(-c2ccccc2)cc1,1.0819999999999999,1.0383059063385949,1.0840566642936422
CC(=O)c1ccc(-c2ccccc2)s1,1.282,1.116911483018618,1.1705548281235332
CC(=O)c1ccc(-c2cccs2)cc1,1.282,1.1279184021965805,1.1705548281235332
CC(=O)c1ccc(-c2cccs2)s1,1.472,1.1850509967968401,1.2308381803621973
CC(=O)c1ccc(C=O)cc1,1.222,1.0943863650870778,1.1480076440261722
CC(=O)c1ccc(C=O)s1,1.5219999999999998,1.179206747815316,1.2515232193052428
CC(=O)c1ccc(C=S)cc1,1.342,1.141672619467414,1.1798442424630087
CC(=O)c1ccc(C=S)s1,1.472,1.204708455119013,1.2308381803621973
CC(=O)c1ccc(O)cc1,1.142,1.0772594721852742,1.109827880459806
CC(=O)c1ccc(O)s1,1.222,1.1657587471681778,1.1480076440261722
CC(=S)C(=O)C=S,1.4220000000000002,1.23422465836855,1.2301565018513914
CC(=S)C(=O)O,1.472,1.2280458536620373,1.2308381803621973
CC(=S)CC=S,1.342,1.1525443847448762,1.1798442424630087
CC(=S)CO,1.282,1.1348347903730849,1.1705548281235332
CC(=S)NC=S,1.432,1.2196931148238945,1.2302224739741427
CC(=S)NO,1.452,1.2080990322436012,1.2303544182196453
CC(=S)OC=S,1.4620000000000002,1.2093699372072264,1.2304203903423967
CC(=S)c1ccc(C=S)cc1,1.342,1.1596220009552698,1.1798442424630087
CC(=S)c1ccc(C=S)s1,1.3719999999999999,1.2111971609784107,1.2099128482750858
CC(=S)c1ccc(N)cc1,1.342,1.1191158503873422,1.1798442424630087
CC(=S)c1ccc(O)cc1,1.0819999999999999,1.1134675253055633,1.0840566642936422
CC(=S)c1ccc(O)s1,1.1320000000000001,1.169491063037066,1.1058037318797027
CC(C)(COCC1CO1)COCC1CO1,0.922,0.9883195338897389,0.9493322549510556
CC(C)(c1ccc(OCC2CO2)cc1)c1ccc(OCC2CO2)cc1,1.012,1.0390261217026082,1.0210214233887294
CC(C)(c1ccc(Oc2ccc(C#N)c(C#N)c2)cc1)c1ccc(Oc2ccc(C#N)c(C#N)c2)cc1,1.0819999999999999,1.0600710758928493,1.0840566642936422
CC(Cl)(Cl)C(=O)C(Cl)Cl,1.572,1.3073274245345292,1.2663758838180421
CC(Cl)(Cl)OC(Cl)Cl,1.532,1.3198090731486825,1.255660227093852
CC(F)CCF,1.2120000000000002,1.031791863056822,1.1412682088769408
CC(c1ccc(OC#N)cc1)c1ccc(OC#N)cc1,1.0819999999999999,1.0666128907693522,1.0840566642936422
CCC(=O)C=S,1.3319999999999999,1.1293661404350406,1.1760534158660192
CCC(=O)O,1.1920000000000002,1.0634420217572516,1.1277893385784776
CCC(=O)c1ccccc1,1.0619999999999998,1.0164446319039786,1.0761314112917242
CCC(=O)c1cccs1,1.3319999999999999,1.1110799166900858,1.1760534158660192
CCC(F)(F)C(F)F,1.5419999999999998,1.192351875188616,1.259797234882461
CCC(O)=S,1.282,1.1189876506628722,1.1705548281235332
CCC(OCCC(O)(C(F)(F)F)C(F)(F)F)(C(F)(F)F)C(F)(F)F,1.432,1.3307796542411834,1.2302224739741427
CCCC(C)CC(C)CC(C)C,0.752,0.7711114532305617,0.7838746534750093
CCCC=O,1.0020000000000002,0.9323969875422679,1.0174726767624767
CCCC=S,1.0819999999999999,1.015824473407413,1.0840566642936422
CCCCC(=O)OCCOC=O,1.1019999999999999,1.0452943492176885,1.090207722427288
CCCCCOC(=O)CCCCCOC=O,0.9920000000000001,0.9752523504000998,1.0139239301362237
CCCCCS,0.862,0.938337426826632,0.8982355328276415
CCCN,0.872,0.8873371858965582,0.9108167209947537
CCCO,0.912,0.9198959453167347,0.9424360488385076
CCCOC(=O)CCCCCCCCOC(=O)CCCOC(=O)CCCCCCCCOC=O,0.9720000000000001,0.97609069082066,1.0099746699101677
CCCc1ccccc1,0.902,0.9169367082048467,0.9355398427259596
CCCc1cccs1,1.112,1.0329070334176895,1.096001282093459
CCNC=S,1.2520000000000002,1.1053886568015265,1.1672556754780419
CCNc1ccccc1,1.012,0.9931060302451105,1.0210214233887294
CCNc1cccs1,1.322,1.1077682981331542,1.174953698317522
CCOC(=O)CCCCCCC(=O)O,1.032,1.0121374635976308,1.0566013468096063
CCON,1.072,1.029788442316357,1.0805566335531447
CCc1ccc(-c2ccccc2)cc1,0.9620000000000001,0.9656955202980368,0.9989970057053028
CCc1ccc(-c2cccs2)cc1,1.1320000000000001,1.0659913834366757,1.1058037318797027
CCc1ccc(-c2cccs2)s1,1.322,1.129685670305989,1.174953698317522
CCc1ccc(C=S)cc1,1.1520000000000001,1.0786131639667988,1.1140453028669608
CCc1ccc(C=S)s1,1.3319999999999999,1.1404756202151107,1.1760534158660192
CCc1ccc(O)cc1,0.9820000000000001,0.990814998602332,1.0119161055573231
CCc1ccc(O)s1,1.052,1.0804275152015501,1.0714801264629117
CNC(=O)C=S,1.452,1.2136736477792487,1.2303544182196453
CNC(=O)c1ccccc1,1.162,1.0644919735202434,1.1182627252741153
CNC(=O)c1cccs1,1.452,1.1674288034652716,1.2303544182196453
CNC(=S)C=O,1.472,1.2195019143845893,1.2308381803621973
CNC(=S)c1ccccc1,1.2719999999999998,1.118924993565563,1.1694551105750361
CNC(=S)c1cccs1,1.4420000000000002,1.192248662151217,1.230288446096894
CNC(N)=S,1.432,1.2138795354906349,1.2302224739741427
CNC(O)=S,1.4220000000000002,1.230918537888551,1.2301565018513914
CNCC=O,1.142,1.0633931093984408,1.109827880459806
CNCC=S,1.2520000000000002,1.133423527113757,1.1672556754780419
CNCN,1.0219999999999998,1.0186434633271135,1.0412955223512759
CNCO,1.072,1.0599466061090452,1.0805566335531447
CNCc1ccccc1,0.9820000000000001,0.9950324223864635,1.0119161055573231
CNCc1cccs1,1.2520000000000002,1.1127424494211915,1.1672556754780419
CNOC=S,1.452,1.2153190890113292,1.2303544182196453
CNON,1.2320000000000002,1.1493780197071002,1.154747079175404
CNOc1ccccc1,1.072,1.05607422271078,1.0805566335531447
CNOc1cccs1,1.162,1.1568912745398827,1.1182627252741153
CNc1ccc(-c2ccccc2)s1,1.2719999999999998,1.1078501022818108,1.1694551105750361
CNc1ccc(-c2cccs2)cc1,1.2719999999999998,1.119117745767332,1.1694551105750361
CNc1ccc(C=O)s1,1.5419999999999998,1.1759218125030115,1.259797234882461
CNc1ccc(C=S)s1,1.532,1.197065671591143,1.255660227093852
CNc1ccc(N)cc1,1.1019999999999999,1.0544389036784907,1.090207722427288
CNc1ccc(N)s1,1.5020000000000002,1.159347666502554,1.2432492037280247
CNc1ccc(O)cc1,1.1019999999999999,1.0573709102288795,1.090207722427288
CNc1ccc(O)s1,1.262,1.1533509015128027,1.168355393026539
COC(=O)O,1.3719999999999999,1.193345912598285,1.2099128482750858
COC(COCC(F)(F)F)C(F)(F)F,1.322,1.2997618882177617,1.174953698317522
COC(O)=S,1.4420000000000002,1.2277298510506407,1.230288446096894
COCO,1.1320000000000001,1.0872760040230909,1.1058037318797027
CONC=O,1.3519999999999999,1.1754263315677609,1.1898671110670342
CONO,1.2919999999999998,1.1727435889332485,1.1716545456720304
COc1ccc(-c2ccccc2)s1,1.1520000000000001,1.0982106677286227,1.1140453028669608
COc1ccc(O)cc1,1.0419999999999998,1.0589387514152122,1.0640407366362588
COc1ccc(O)s1,0.872,1.144193035665305,0.9108167209947537
Cc1ccc(-c2ccc(-c3ccccc3)cc2)cc1,0.9920000000000001,0.9734646438141457,1.0139239301362237
Cc1ccc(-c2ccc(-c3ccccc3)s2)cc1,1.1320000000000001,1.0617073471313008,1.1058037318797027
Cc1ccc(-c2ccc(-c3cccs3)cc2)cc1,1.1320000000000001,1.0674190175261575,1.1058037318797027
Cc1ccc(-c2ccc(-c3cccs3)cc2)s1,1.282,1.1329654401292433,1.1705548281235332
Cc1ccc(-c2ccc(-c3cccs3)s2)cc1,1.282,1.124050363078724,1.1705548281235332
Cc1ccc(-c2ccc(-c3cccs3)s2)s1,1.3820000000000001,1.1658561978893518,1.2199357168791118
Cc1ccc(-c2ccc(C=S)cc2)cc1,1.1520000000000001,1.0772785218926222,1.1140453028669608
Cc1ccc(-c2ccc(C=S)cc2)s1,1.322,1.1458469800093165,1.174953698317522
Cc1ccc(-c2ccc(C=S)s2)cc1,1.322,1.1370074544985966,1.174953698317522
Cc1ccc(-c2ccc(C=S)s2)s1,1.3820000000000001,1.1845581469875328,1.2199357168791118
Cc1ccc(-c2ccc(N)cc2)cc1,1.052,1.0045318522296958,1.0714801264629117
Cc1ccc(-c2ccc(N)s2)s1,1.492,1.1632770815035627,1.2391121959394156
Cc1ccc(-c2ccc(O)cc2)s1,1.1320000000000001,1.0895045619702453,1.1058037318797027
Cc1ccc(-c2ccc(O)s2)s1,1.242,1.1504853303568185,1.1614865143246353
Cc1ccc(C(=O)C=S)cc1,1.342,1.1254154411255637,1.1798442424630087
Cc1ccc(C(=O)C=S)s1,1.472,1.1970536393481614,1.2308381803621973
Cc1ccc(C(=O)O)cc1,1.1920000000000002,1.079334651531647,1.1277893385784776
Cc1ccc(C(=O)O)s1,1.5020000000000002,1.1693040313342171,1.2432492037280247
Cc1ccc(C(=O)c2ccccc2)cc1,1.0819999999999999,1.033992429646725,1.0840566642936422
Cc1ccc(C(=O)c2cccs2)cc1,1.282,1.1060309512905429,1.1705548281235332
Cc1ccc(C(=O)c2cccs2)s1,1.472,1.1672270476233422,1.2308381803621973
Cc1ccc(C(=S)c2ccccc2)cc1,1.1520000000000001,1.0678139876174098,1.1140453028669608
Cc1ccc(C(=S)c2cccs2)cc1,1.322,1.12518286398607,1.174953698317522
Cc1ccc(C(=S)c2cccs2)s1,1.3820000000000001,1.1708734128462523,1.2199357168791118
Cc1ccc(C(O)=S)cc1,1.2919999999999998,1.11509213279111,1.1716545456720304
Cc1ccc(C(O)=S)s1,1.4220000000000002,1.1834336314083385,1.2301565018513914
Cc1ccc(C)cc1,0.922,0.9033286272830753,0.9493322549510556
Cc1ccc(CC=S)cc1,1.1520000000000001,1.0763948205334741,1.1140453028669608
Cc1ccc(CC=S)s1,1.3319999999999999,1.146526054863101,1.1760534158660192
Cc1ccc(CO)cc1,1.012,1.0111103755768216,1.0210214233887294
Cc1ccc(CO)s1,1.282,1.1112949655503641,1.1705548281235332
Cc1ccc(Cc2ccccc2)cc1,0.9620000000000001,0.9704551807174602,0.9989970057053028
Cc1ccc(Cc2cccs2)cc1,1.1320000000000001,1.0649560975200145,1.1058037318797027
Cc1ccc(Cc2cccs2)s1,1.322,1.1277043465671828,1.174953698317522
Cc1ccc(NC=S)cc1,1.342,1.1116843698340242,1.1798442424630087
Cc1ccc(NC=S)s1,1.532,1.186843072461151,1.255660227093852
Cc1ccc(NO)cc1,1.142,1.050731163436381,1.109827880459806
Cc1ccc(NO)s1,1.512,1.154807679830157,1.2473862115166339
Cc1ccc(Nc2ccccc2)cc1,1.052,1.0088379378826753,1.0714801264629117
Cc1ccc(Nc2cccs2)cc1,1.2919999999999998,1.0964125474018236,1.1716545456720304
Cc1ccc(Nc2cccs2)s1,1.532,1.1609267877361304,1.255660227093852
Cc1ccc(OC=S)cc1,1.0819999999999999,1.1026747026566857,1.0840566642936422
Cc1ccc(OC=S)s1,1.1320000000000001,1.1653330037546246,1.1058037318797027
Cc1ccc(Oc2ccccc2)cc1,0.9920000000000001,1.012780636420497,1.0139239301362237
Cc1ccc(Oc2cccs2)cc1,1.032,1.077237671888268,1.0566013468096063
Cc1ccc(Oc2cccs2)s1,1.052,1.1413423960471554,1.0714801264629117
ClC(Cl)C(Cl)Cl,1.0219999999999998,1.3608328580166016,1.0412955223512759
ClCC(Cl)Cl,1.2320000000000002,1.3036191080936286,1.154747079175404
FCC(F)F,1.862,1.2792293021538796,1.5637304455248378
NC(=O)C(=S)C=O,1.3119999999999998,1.2994716627498226,1.1738539807690247
NC(=O)C(=S)c1ccccc1,1.532,1.1818433159833437,1.255660227093852
NC(=O)C(=S)c1cccs1,1.612,1.2537128330186174,1.2849559793820124
NC(=O)C(O)=S,1.432,1.3171139502970561,1.2302224739741427
NC(=O)NC=S,1.6219999999999999,1.3171487913780098,1.3059610857899793
NC(=O)NO,1.4020000000000001,1.2835395232949887,1.2300245576058888
NC(=O)Nc1cccs1,1.642,1.2483493794142928,1.3479712986059138
NC(=O)OC=S,1.532,1.323538261994448,1.255660227093852
NC(=O)Oc1cccs1,1.4620000000000002,1.2498298025404468,1.2304203903423967
NC(=O)c1ccc(-c2ccccc2)cc1,1.1720000000000002,1.0932274665182184,1.120052302949582
NC(=O)c1ccc(-c2ccccc2)s1,1.432,1.1661557466220154,1.2302224739741427
NC(=O)c1ccc(-c2cccs2)cc1,1.432,1.1838426081214921,1.2302224739741427
NC(=O)c1ccc(C=O)s1,1.512,1.244104579914056,1.2473862115166339
NC(=O)c1ccc(C=S)cc1,1.452,1.2054854968147914,1.2303544182196453
NC(=O)c1ccc(C=S)s1,1.512,1.257620434052341,1.2473862115166339
NC(=O)c1ccc(O)cc1,1.242,1.1621096814757745,1.1614865143246353
NC(=O)c1ccc(O)s1,1.3119999999999998,1.2304581169899027,1.1738539807690247
NC(=O)c1cccc(NC(=O)c2ccccc2)c1,1.282,1.1584175504093421,1.1705548281235332
NC(=S)C(=O)C=S,1.432,1.313586902579199,1.2302224739741427
NC(=S)C(=O)O,1.4820000000000002,1.3238674694381802,1.2349751881508066
NC(=S)NC=S,1.4620000000000002,1.299441219701171,1.2304203903423967
NC(=S)NO,1.512,1.3215891287806667,1.2473862115166339
NC(=S)Nc1ccccc1,1.492,1.1827033077726936,1.2391121959394156
NC(=S)OC=S,1.2719999999999998,1.292245361795882,1.1694551105750361
NC(=S)c1ccc(C=S)s1,1.432,1.2677062770721252,1.2302224739741427
NC(=S)c1ccc(O)cc1,1.182,1.1786921920224838,1.1218418806250485
NC(=S)c1ccc(O)s1,1.202,1.2262200104504783,1.134528773727709
NC=O,1.3519999999999999,1.1425782369286175,1.1898671110670342
NOC(=O)O,1.392,1.300621667266275,1.2299585854831374
NOC(O)=S,1.4420000000000002,1.3287173951687954,1.230288446096894
NOc1ccc(O)cc1,1.112,1.123009322409119,1.096001282093459
Nc1c(CC2CO2)cc(O)c(CC2CO2)c1CC1CO1,1.1019999999999999,1.0918470850471769,1.090207722427288
Nc1ccc(-c2ccc(-c3ccccc3)cc2)cc1,1.072,1.025228697631193,1.0805566335531447
Nc1ccc(-c2ccc(-c3ccccc3)s2)cc1,1.2520000000000002,1.1066204060022304,1.1672556754780419
Nc1ccc(-c2ccc(-c3cccs3)cc2)cc1,1.2520000000000002,1.1187717991109691,1.1672556754780419
Nc1ccc(-c2ccc(-c3cccs3)cc2)s1,1.4420000000000002,1.1764817993862045,1.230288446096894
Nc1ccc(-c2ccc(-c3cccs3)s2)cc1,1.452,1.170580660296024,1.2303544182196453
Nc1ccc(-c2ccc(-c3cccs3)s2)s1,1.5619999999999998,1.2051820473306203,1.2651550632445563
Nc1ccc(-c2ccc(C=O)s2)s1,1.6320000000000001,1.2262090823610705,1.326966192197947
Nc1ccc(-c2ccc(C=S)cc2)cc1,1.282,1.1353783060686604,1.1705548281235332
Nc1ccc(-c2ccc(C=S)cc2)s1,1.4820000000000002,1.1958815443971396,1.2349751881508066
Nc1ccc(-c2ccc(C=S)s2)cc1,1.4820000000000002,1.1930879752961023,1.2349751881508066
Nc1ccc(-c2ccc(C=S)s2)s1,1.512,1.2296313871100135,1.2473862115166339
Nc1ccc(-c2ccc(O)cc2)cc1,1.112,1.0731858493813862,1.096001282093459
Nc1ccc(C(=O)C=S)cc1,1.532,1.2012784275440085,1.255660227093852
Nc1ccc(C(=O)C=S)s1,1.642,1.258350161285353,1.3479712986059138
Nc1ccc(C(=O)O)cc1,1.3119999999999998,1.1704635834203487,1.1738539807690247
Nc1ccc(C(=O)O)s1,1.702,1.2366359381123686,1.4259928371796402
Nc1ccc(C(=O)c2ccccc2)cc1,1.182,1.0985839037071712,1.1218418806250485
Nc1ccc(C(=O)c2cccs2)cc1,1.452,1.175581050126333,1.2303544182196453
Nc1ccc(C(=O)c2cccs2)s1,1.682,1.2203792597608234,1.4134207240169447
Nc1ccc(C(=S)c2ccccc2)cc1,1.302,1.121750031075476,1.1727542632205277
Nc1ccc(C(=S)c2ccccc2)s1,1.5219999999999998,1.1734692290947897,1.2515232193052428
Nc1ccc(C(=S)c2cccs2)s1,1.5619999999999998,1.2189476051109205,1.2651550632445563
Nc1ccc(NC=S)s1,1.6720000000000002,1.2464687971267372,1.4047962844228699
Nc1ccc(NO)cc1,1.2320000000000002,1.1411229286834257,1.154747079175404
Nc1ccc(Nc2ccccc2)cc1,1.1019999999999999,1.0758075807489595,1.090207722427288
Nc1ccc(Nc2cccs2)cc1,1.3820000000000001,1.1626559179998368,1.2199357168791118
Nc1ccc(Nc2cccs2)s1,1.642,1.215473606007114,1.3479712986059138
Nc1ccc(OC=S)cc1,1.2919999999999998,1.1845800261380985,1.1716545456720304
Nc1ccc(OC=S)s1,1.3119999999999998,1.2325565533305984,1.1738539807690247
Nc1ccc(Oc2ccccc2)cc1,1.092,1.08058157337761,1.0866315035132168
Nc1ccc(Oc2cccs2)cc1,1.202,1.1547622955873045,1.134528773727709
Nc1ccc(Oc2cccs2)s1,1.2719999999999998,1.2013833116138442,1.1694551105750361
O=C(OCC1CCC2OC2C1)C1CCC2OC2C1,1.052,1.0442861339156662,1.0714801264629117
O=CC(=S)OC=S,1.3719999999999999,1.3026811709222836,1.2099128482750858
O=COC(=O)O,1.2719999999999998,1.297647662470088,1.1694551105750361
O=COC(O)=S,1.472,1.3265508645243755,1.2308381803621973
O=COCCCCOC(=O)c1ccccc1,1.1520000000000001,1.1140691955940556,1.1140453028669608
O=COCCOC(=O)c1ccccc1,1.242,1.159354493584877,1.1614865143246353
O=COc1ccc(C=S)cc1,1.2320000000000002,1.1985461102143917,1.154747079175404
O=COc1ccc(C=S)s1,1.2120000000000002,1.2378210014519249,1.1412682088769408
O=COc1ccc(O)cc1,1.1920000000000002,1.155931758249347,1.1277893385784776
O=COc1ccc(O)s1,1.092,1.2237068772631308,1.0866315035132168
O=Cc1ccc(-c2ccc(-c3ccccc3)cc2)cc1,1.0819999999999999,1.054029078307526,1.0840566642936422
O=Cc1ccc(-c2ccc(-c3ccccc3)s2)cc1,1.242,1.1254795650907403,1.1614865143246353
O=Cc1ccc(-c2ccc(-c3cccs3)cc2)cc1,1.242,1.1353916610535548,1.1614865143246353
O=Cc1ccc(-c2ccc(-c3cccs3)cc2)s1,1.412,1.1919501702156499,1.23009052972864
O=Cc1ccc(-c2ccc(-c3cccs3)s2)cc1,1.412,1.19128067150063,1.23009052972864
O=Cc1ccc(-c2ccc(-c3cccs3)s2)s1,1.4820000000000002,1.2188370968878277,1.2349751881508066
O=Cc1ccc(-c2ccc(C=S)cc2)cc1,1.2919999999999998,1.1522756770313718,1.1716545456720304
O=Cc1ccc(-c2ccc(C=S)cc2)s1,1.4620000000000002,1.208525737883832,1.2304203903423967
O=Cc1ccc(-c2ccc(C=S)s2)cc1,1.4620000000000002,1.208176385907339,1.2304203903423967
O=Cc1ccc(-c2ccc(C=S)s2)s1,1.4620000000000002,1.24240813667812,1.2304203903423967
O=Cc1ccc(-c2ccc(O)cc2)cc1,1.142,1.0998404784485676,1.109827880459806
O=Cc1ccc(-c2ccc(O)cc2)s1,1.2719999999999998,1.170956440145574,1.1694551105750361
O=Cc1ccc(-c2ccc(O)s2)cc1,1.2919999999999998,1.1731251935232174,1.1716545456720304
O=Cc1ccc(-c2ccc(O)s2)s1,1.3519999999999999,1.2142459787629258,1.1898671110670342
O=Cc1ccc(C(=O)C=S)cc1,1.512,1.2120521438067706,1.2473862115166339
O=Cc1ccc(C(=O)C=S)s1,1.552,1.2639342426710702,1.2639342426710702
O=Cc1ccc(C(=O)O)cc1,1.342,1.184000355933534,1.1798442424630087
O=Cc1ccc(C(=O)O)s1,1.6320000000000001,1.2476793616875812,1.326966192197947
O=Cc1ccc(C(=O)c2ccccc2)cc1,1.202,1.1110384862783502,1.134528773727709
O=Cc1ccc(C(=O)c2cccs2)cc1,1.432,1.1851533483942023,1.2302224739741427
O=Cc1ccc(C(=O)c2cccs2)s1,1.592,1.2264048811075514,1.2688175249650142
O=Cc1ccc(C(=S)c2ccccc2)cc1,1.2919999999999998,1.137243613730066,1.1716545456720304
O=Cc1ccc(C(=S)c2cccs2)cc1,1.4620000000000002,1.1958815153815294,1.2304203903423967
O=Cc1ccc(C(=S)c2cccs2)s1,1.4620000000000002,1.2290637658414754,1.2304203903423967
O=Cc1ccc(C(O)=S)cc1,1.492,1.2073376568618643,1.2391121959394156
O=Cc1ccc(C(O)=S)s1,1.512,1.255891992019807,1.2473862115166339
O=Cc1ccc(OC=S)cc1,1.2320000000000002,1.1949872839485192,1.154747079175404
O=Cc1ccc(OC=S)s1,1.2120000000000002,1.2376456373912663,1.1412682088769408
O=Cc1ccc(Oc2ccccc2)cc1,1.1019999999999999,1.0994970785748523,1.090207722427288
O=Cc1ccc(Oc2cccs2)cc1,1.1520000000000001,1.1629747528361571,1.1140453028669608
O=Cc1ccc(Oc2cccs2)s1,1.142,1.1967552858021242,1.109827880459806
OC(=S)Oc1ccccc1,0.922,1.1893742116471535,0.9493322549510556
OC(=S)Oc1cccs1,0.912,1.2446570328085005,0.9424360488385076
OC(=S)c1ccc(-c2ccccc2)cc1,1.162,1.1328367531679229,1.1182627252741153
OC(Cl)(Cl)C(=S)C(Cl)Cl,1.072,1.3924961661310253,1.0805566335531447
OCC(Cl)(Cl)Cl,1.4420000000000002,1.35087261797498,1.230288446096894
OCC1CC(O)C(O)C(O)O1,1.3119999999999998,1.179411765660642,1.1738539807690247
Oc1ccc(-c2ccc(-c3ccccc3)cc2)cc1,1.0219999999999998,1.0298353210879627,1.0412955223512759
Oc1ccc(-c2ccc(-c3ccccc3)cc2)s1,1.092,1.0941666601920166,1.0866315035132168
Oc1ccc(-c2ccc(-c3ccccc3)s2)cc1,1.092,1.096518852040057,1.0866315035132168
Oc1ccc(-c2ccc(-c3ccccc3)s2)s1,1.1520000000000001,1.145352883748409,1.1140453028669608
Oc1ccc(-c2ccc(-c3cccs3)s2)s1,1.1720000000000002,1.1861515144269479,1.120052302949582
Oc1ccc(C(=S)c2ccccc2)cc1,1.0619999999999998,1.119897792202928,1.0761314112917242
Oc1ccc(C(=S)c2ccccc2)s1,1.072,1.1586431003224336,1.0805566335531447
Oc1ccc(C(=S)c2cccs2)s1,1.0819999999999999,1.200579630559238,1.0840566642936422
Oc1ccc(Oc2ccccc2)s1,0.872,1.1366999319350688,0.9108167209947537
Oc1ccc(Oc2cccs2)s1,0.762,1.1891567496699307,0.8025960917327766
S=C(Oc1ccccc1)c1cccs1,1.2320000000000002,1.1809806824889457,1.154747079175404
S=C(c1ccccc1)c1ccc(-c2cccs2)s1,1.3820000000000001,1.1762610223632126,1.2199357168791118
S=C(c1cccs1)c1ccc(-c2ccccc2)s1,1.3820000000000001,1.1739615526357454,1.2199357168791118
S=COC(=S)c1ccccc1,1.432,1.2036716669945013,1.2302224739741427
S=COC(=S)c1cccs1,1.432,1.2656828755115177,1.2302224739741427
S=COc1ccc(-c2ccccc2)s1,1.262,1.1762946516013362,1.168355393026539
S=COc1ccc(-c2cccs2)s1,1.2520000000000002,1.2165921868549892,1.1672556754780419
S=Cc1ccc(-c2ccc(-c3ccccc3)cc2)cc1,1.1520000000000001,1.0909842588758711,1.1140453028669608
S=Cc1ccc(-c2ccc(-c3ccccc3)cc2)s1,1.2919999999999998,1.147754400018054,1.1716545456720304
S=Cc1ccc(-c2ccc(-c3ccccc3)s2)cc1,1.2919999999999998,1.1488742990477383,1.1716545456720304
S=Cc1ccc(-c2ccc(-c3cccs3)s2)s1,1.3719999999999999,1.2240471831079982,1.2099128482750858
S=Cc1ccc(C(=S)c2ccccc2)cc1,1.322,1.1569155890594713,1.174953698317522
S=Cc1ccc(C(=S)c2ccccc2)s1,1.3820000000000001,1.1972825978131116,1.2199357168791118
Sc1ccc(Sc2ccccc2)cc1,1.282,1.1376104188266172,1.1705548281235332
c1cc(N(CC2CO2)CC2CO2)ccc1Cc1ccc(N(CC2CO2)CC2CO2)cc1,1.0419999999999998,1.076983968483538,1.0640407366362588
c1ccc(-c2ccc(-c3ccc(-c4cccs4)cc3)cc2)cc1,1.1219999999999999,1.0733601984882553,1.1017948417596297
c1ccc(-c2ccc(-c3ccc(-c4cccs4)cc3)s2)cc1,1.2520000000000002,1.1329773266117562,1.1672556754780419
c1ccc(-c2ccc(-c3ccc(-c4cccs4)s3)cc2)cc1,1.2520000000000002,1.1328715775843539,1.1672556754780419
c1ccc(-c2ccc(-c3ccc(-c4cccs4)s3)s2)cc1,1.362,1.1682648906408297,1.1998899796710603
c1ccc(-c2ccc(Oc3cccs3)s2)cc1,1.162,1.1545791583460556,1.1182627252741153
c1ccc(-c2ccccn2)nc1,1.1920000000000002,1.0552883418961843,1.1277893385784776
c1ccc(-c2nc3cc4ncoc4cc3o2)cc1,1.3119999999999998,1.126224364862221,1.1738539807690247
c1ccc2oc(-c3ccc4ncoc4c3)nc2c1,1.3119999999999998,1.133376445555815,1.1738539807690247
c1ccccc1,1.012,0.9505017629742392,1.0210214233887294
c1ccsc1,1.392,1.129724051523658,1.2299585854831374
c1csc(-c2cccs2)c1,1.392,1.1833590610892344,1.2299585854831374
